genome_id,bases,gc_percent
1328381.3,4518915,56.81
1328382.3,5510986,57.36
1328383.3,5538128,57.31
573.12771,5598174,57.26
573.12772,5849839,56.96
573.12773,5708112,57.02
573.12777,5995730,56.91
573.12778,5726558,57.1
573.12779,6054276,56.57
573.12780,5656270,57.09
573.12781,5782129,57.02
573.12782,5798614,56.81
573.12783,5658318,57.04
573.12796,5816577,56.86
573.12858,5502915,57.16
573.12859,5605408,57.25
573.12860,5807387,57.01
573.12861,5188098,57.56
573.12862,5422749,57.21
573.12863,5134488,57.62
573.12865,5329701,57.45
573.12867,5484958,57.28
573.12868,5445426,57.28
573.12869,5445745,57.25
573.12870,5618274,57.09
573.12871,5653511,56.83
573.12872,5504607,57.3
573.12873,5547134,57.27
573.12874,5622464,57.23
573.12875,5566435,57.23
573.12876,5448241,57.32
573.12877,5743603,56.81
573.12878,5399893,57.43
573.12879,5518458,57.21
573.12880,5608372,57.21
573.12881,5337557,57.29
573.12882,5386313,57.26
573.12883,5558393,57.27
573.12885,5631411,56.89
573.12886,6390391,56.36
573.12887,5801353,57.0
573.12888,5474772,57.17
573.12889,5737984,56.94
573.12890,5395328,57.25
573.12891,5398887,57.38
573.12892,5683317,56.89
573.12893,5522467,57.24
573.12894,5519433,57.24
573.12897,5594663,57.11
573.12898,5545193,57.22
573.12900,5587475,57.16
573.12901,5408218,57.36
573.12902,5301659,57.45
573.12903,5393033,57.37
573.12904,5595436,57.13
573.12905,5616420,56.9
573.12906,5547015,57.01
573.12907,5443792,57.29
573.12908,5611085,56.93
573.12909,5850151,56.93
573.12910,5521810,57.25
573.12912,5774574,56.74
573.12913,5828066,56.86
573.12914,5620738,57.09
573.12915,5506526,57.28
573.12917,5166027,57.46
573.12918,5559138,57.04
573.12919,5382996,57.35
573.12920,5525085,57.22
573.12921,5464810,57.39
573.12922,5628426,57.02
573.12923,5557604,57.09
573.12925,5315047,57.5
573.12926,5068350,57.79
573.12927,5572589,57.29
573.12928,5577519,57.23
573.12930,5513241,57.27
573.12931,5838725,57.02
573.12932,5553083,57.19
573.12933,5676013,56.98
573.12934,5546872,57.18
573.12935,5447654,57.38
573.12936,5811787,57.06
573.12937,5567975,57.22
573.12938,5462092,57.41
573.12939,5506171,57.18
573.12940,5825984,56.83
573.12941,5386318,57.32
573.12943,5404674,57.31
573.12944,5449162,57.28
573.12946,6069373,56.71
573.12947,5566920,57.21
573.12948,5525352,57.29
573.12949,5707283,56.98
573.12950,5578439,56.85
573.12951,5765104,56.87
573.12952,5432515,57.3
573.12953,5512748,57.19
573.12954,5543181,57.34
573.12955,5184348,57.58
573.12956,6084904,56.26
573.12957,7355114,55.74
573.12958,5823005,56.97
573.12959,5307410,57.38
573.12960,5499877,57.23
573.12961,5559416,57.22
573.12962,5707913,56.84
573.12963,5468377,57.21
573.12965,5514732,57.32
573.12966,5554461,57.21
573.12967,5309737,57.46
573.12968,5237025,57.42
573.12969,5456965,57.31
573.12970,5652600,56.82
573.12971,5469352,57.3
573.12972,5448536,57.27
573.12973,5642654,56.95
573.12975,5296732,57.35
573.12976,5492732,57.33
573.12977,5266521,57.51
573.12978,5528998,57.1
573.12979,5854733,56.93
573.12980,5628103,57.05
573.12981,5871568,56.99
573.12982,5571626,57.19
573.12983,5312121,57.47
573.12984,5125248,57.64
573.12985,5557990,57.29
573.12986,5459185,57.36
573.12987,8354191,51.81
573.12988,5655222,57.08
573.12989,5723650,57.14
573.12990,5793486,57.04
573.12991,5615681,57.04
573.12992,5495866,57.32
573.12993,5392755,57.17
573.12994,5567704,57.22
573.12995,5468690,57.37
573.12996,5485597,57.28
573.12997,5351418,57.29
573.12998,5490642,57.28
573.12999,5569095,57.2
573.13000,5621587,57.2
573.13001,5519532,57.24
573.13002,5482072,57.35
573.13003,5432182,57.26
573.13004,5023610,57.66
573.13005,5474321,57.18
573.13006,5465385,57.33
573.13007,5487140,57.37
573.13008,5556245,57.23
573.13009,5573372,57.19
573.13010,5530143,57.22
573.13011,5830137,57.06
573.13013,5563123,57.29
573.13014,5561312,57.14
573.13015,5522305,57.24
573.13016,6056657,56.29
573.13017,5391061,57.35
573.13018,5264085,57.44
573.13019,5442875,57.45
573.13020,5455226,57.21
573.13021,5622996,57.24
573.13022,5113571,57.61
573.13023,5799123,57.0
573.13024,6096198,56.49
573.13025,5831508,56.67
573.13026,4985265,57.6
573.13027,5505496,57.18
573.13028,5554290,57.2
573.13029,5493498,57.22
573.13031,5443843,57.35
573.13033,5374225,57.34
573.13034,5562854,57.16
573.13035,5406672,57.33
573.13036,5450813,57.32
573.13037,5794588,56.8
573.13039,5516398,57.22
573.13040,5885182,56.57
573.13042,5565153,57.16
573.13043,5551571,56.89
573.13046,5468813,57.39
573.13047,5345039,57.31
573.13048,5459231,57.25
573.13049,5464120,57.32
573.13050,5391023,57.36
573.13051,5428935,57.28
573.13052,5491719,57.29
573.13053,5562109,57.18
573.13054,5393023,57.3
573.13055,5508586,57.21
573.13056,5440559,57.33
573.13059,5458186,57.33
573.13060,5576001,56.96
573.13061,5433813,57.32
573.13062,5477562,57.3
573.13063,5330644,57.43
573.13064,5430472,57.37
573.13065,5535589,57.2
573.13066,5474624,57.25
573.13067,5524097,57.26
573.13068,5422920,57.22
573.13069,5691146,57.08
573.13070,5523134,57.14
573.13071,5511136,57.14
573.13072,4961441,57.25
573.13073,5471371,57.3
573.13074,5405006,57.4
573.13075,5570708,57.18
573.13076,5722137,57.1
573.13079,5563295,57.18
573.13080,5451240,57.31
573.13081,5389667,57.29
573.13082,5496156,57.23
573.13083,5436432,57.18
573.13084,5665708,57.12
573.13085,5438558,57.31
573.13086,5530904,57.5
573.13087,5443191,57.28
573.13088,5535776,57.19
573.13089,5220789,57.45
573.13090,5473111,57.01
573.13091,5633453,57.25
573.13092,5378579,57.34
573.13093,5571265,57.25
573.13094,5349622,57.38
573.13095,5477591,57.3
573.13096,5523994,57.26
573.13097,5430261,57.32
573.13098,5451846,57.33
573.13099,5373178,57.44
573.13100,5475051,57.27
573.13101,5371531,57.45
573.13102,5379049,57.42
573.13103,5377612,57.42
573.13104,5469040,57.2
573.13105,5518591,57.22
573.13106,5557478,57.13
573.13107,5353433,57.38
573.13108,5474055,57.27
573.13109,5601363,57.13
573.13110,5511305,57.25
573.13111,5557839,57.17
573.13112,5536065,57.14
573.13113,5503806,57.23
573.13114,5525784,57.15
573.13115,5457208,57.21
573.13116,5537359,57.5
573.13117,5519556,57.12
573.13118,5432377,57.19
573.13119,5718338,57.1
573.13120,5515331,57.21
573.13121,5386115,57.37
573.13122,5342682,57.39
573.13123,5419325,57.37
573.13124,5352621,57.38
573.13125,5456495,57.28
573.13126,5351797,57.37
573.13127,5571408,57.16
573.13128,5406830,57.4
573.13129,5286417,57.47
573.13130,5625270,57.01
573.13131,5796793,56.99
573.13132,5516948,57.24
573.13134,5490331,57.28
573.13135,5589276,57.11
573.13136,5493972,57.26
573.13138,5437697,57.22
573.13139,5480649,57.28
573.13140,5472962,57.3
573.13142,5346996,57.38
573.13143,5779268,56.85
573.13144,5460911,57.33
573.13145,5571440,57.16
573.13146,5506349,57.54
573.13147,5509671,57.06
573.13148,5426633,57.32
573.13149,5460366,57.33
573.13150,5357984,57.32
573.13151,5377835,57.33
573.13152,5743481,56.77
573.13153,5521088,57.21
573.13156,5577885,57.16
573.13157,5485535,57.25
573.13158,5891345,56.43
573.13159,5374935,57.33
573.13160,5407715,57.34
573.13161,5555309,57.19
573.13162,5426023,57.38
573.13163,5564443,57.17
573.13164,5601093,57.2
573.13165,5414995,57.37
573.13166,5449103,57.36
573.13167,5457107,57.3
573.13168,5449190,57.36
573.13169,5352328,57.42
573.13170,5447893,57.36
573.13171,5352618,57.38
573.13172,5426386,57.35
573.13173,5359820,57.38
573.13174,5435344,57.34
573.13175,5713483,56.97
573.13176,5521248,57.27
573.13177,5560245,57.17
573.13178,5398323,57.37
573.13179,5457259,57.26
573.13180,5635235,57.07
573.13181,5326681,57.34
573.13182,5723509,56.92
573.13183,5588017,57.11
573.13185,5519080,57.19
573.13186,5425459,57.26
573.13187,5359062,57.4
573.13189,5535004,57.23
573.13190,5566489,57.17
573.13191,5540940,57.17
573.13192,5606696,57.08
573.13193,5590920,57.11
573.13194,5455427,57.28
573.13195,5371884,57.25
573.13196,5394085,57.35
573.13197,5474631,57.35
573.13198,5637332,56.9
573.13199,5639320,56.9
573.13200,5397883,57.35
573.13201,5556280,57.18
573.13202,5277699,57.35
573.13204,5733106,56.91
573.13209,5446399,57.29
573.13210,5567880,57.17
573.13211,5518415,57.27
573.13212,5532069,57.18
573.13213,5471684,57.28
573.13214,5471777,57.31
573.13215,5540033,57.16
573.13216,5357894,57.31
573.13218,5389165,57.35
573.13219,5559518,57.19
573.13220,5529509,57.21
573.13221,5570675,57.17
573.13222,5618226,57.14
573.13223,5410637,57.34
573.13224,5503390,57.24
573.13225,5429734,57.33
573.13226,5396257,57.36
573.13227,5414914,57.34
573.13228,5394446,57.35
573.13230,5590629,57.23
573.13231,5488334,57.22
573.13232,5472819,57.29
573.13233,5512397,57.18
573.13235,5471208,57.27
573.13236,5523992,57.2
573.13237,5554637,57.17
573.13238,5399350,57.3
573.13239,5407650,57.4
573.13240,5545887,57.23
573.13242,5387864,57.3
573.13244,5425985,57.38
573.13246,5574798,57.1
573.13247,5483936,57.25
573.13248,5503401,57.2
573.13249,6434209,56.96
573.13250,5393265,57.3
573.13251,5478177,57.3
573.13252,5801631,56.79
573.13253,5489809,57.15
573.13254,5353127,57.38
573.13255,5783854,57.01
573.13256,5565696,57.13
573.13257,5364666,57.27
573.13258,5493578,57.02
573.13259,5507334,57.23
573.13261,5392843,57.37
573.13262,5476459,57.19
573.13263,5424299,57.32
573.13264,5427008,57.34
573.13265,5395956,57.35
573.13266,5399697,57.39
573.13267,5513105,57.21
573.13268,5347642,57.36
573.13269,5351071,57.31
573.13270,5427776,57.31
573.13271,5579571,57.16
573.13272,5445481,57.32
573.13273,5719208,57.28
573.13274,5432790,57.32
573.13275,5586917,57.13
573.13276,5363895,57.39
573.13277,5456850,57.38
573.13278,5460802,57.22
573.13279,5450694,57.22
573.13280,5310577,57.6
573.13281,5442392,57.31
573.13282,5595346,57.19
573.13283,5422414,57.33
573.13284,5522131,57.12
573.13285,5444746,57.29
573.13286,5475406,57.29
573.13287,5407084,57.31
573.13288,5461355,57.32
573.13289,5415460,57.32
573.13290,5526613,57.2
573.13291,5407523,57.34
573.13292,5423882,57.24
573.13293,5724706,56.8
573.13294,5488878,57.21
573.13295,5511968,57.14
573.13298,5587472,56.93
573.13299,5362100,57.4
573.13300,5500141,57.27
573.13301,5482873,57.3
573.13302,5386131,57.3
573.13303,5509254,57.23
573.13304,5641414,57.11
573.13305,5358191,57.39
573.13306,5557235,57.05
573.13307,5510660,57.23
573.13308,5357980,57.31
573.13309,5451746,57.29
573.13310,5321283,57.34
573.13311,5388421,57.35
573.13312,5343048,57.31
573.13313,5423634,57.31
573.13314,5472017,57.23
573.13315,5388351,57.35
573.13316,5579679,56.75
573.13317,5497533,57.2
573.13318,5471430,57.29
573.13319,5482401,57.27
573.13322,5566096,57.18
573.13323,5696541,56.75
573.13324,5614923,57.2
573.13325,5275152,57.33
573.13326,5730744,56.76
573.13327,5382627,57.39
573.13328,5402508,57.35
573.13329,5520918,57.29
573.13330,5513942,57.31
573.13331,5390548,57.3
573.13333,5404010,57.29
573.13334,5464330,57.26
573.13335,5481281,57.24
573.13336,5465377,57.27
573.13338,5404605,57.33
573.13340,5409589,57.33
573.13341,5548447,57.2
573.13342,5659743,57.15
573.13343,5485918,57.22
573.13344,5465186,57.6
573.13345,8862199,50.76
573.13346,5941820,56.82
573.13347,5460735,57.23
573.13348,5561771,57.04
573.13349,5747989,56.76
573.13350,5423856,57.36
573.13351,5413224,57.22
573.13352,5647840,56.78
573.13353,8883031,50.7
573.13354,5651116,56.78
573.13355,5462362,56.92
573.13356,5490896,57.28
573.13357,5460718,57.32
573.13358,5944897,56.81
573.13360,5386475,57.36
573.13361,5510180,57.2
573.13362,5518574,57.19
573.13363,5541398,57.13
573.13364,5398722,57.33
573.13365,5739279,56.88
573.13366,5361536,57.34
573.13367,5611103,56.68
573.13368,5403277,57.4
573.13369,5540166,57.13
573.13370,5410653,57.43
573.13371,5635668,57.08
573.13372,5599374,56.95
573.13373,5391689,57.34
573.13374,5474300,57.3
573.13375,5470264,57.3
573.13376,5494435,57.26
573.13377,5398716,57.33
573.13378,5531838,57.21
573.13379,5525334,57.06
573.13380,5533518,57.14
573.13381,5528475,57.13
573.13382,5500980,57.33
573.13384,5538555,57.14
573.13385,5468997,57.31
573.13386,5508386,57.12
573.13387,5587018,57.21
573.13388,5716004,56.78
573.13389,5739725,56.88
573.13390,5540724,57.14
573.13391,5588900,56.97
573.13392,5528937,57.16
573.13393,5381924,57.36
573.13394,5587990,57.18
573.13395,5587987,56.98
573.13396,5484634,57.3
573.13397,5740044,56.89
573.13398,5721763,56.93
573.13399,5644655,57.12
573.13400,5538694,57.13
573.13402,5414247,57.26
573.13403,5579790,57.21
573.13404,6095641,55.67
573.13405,5526102,57.14
573.13406,5471971,57.34
573.13407,6854887,53.84
573.13411,5212882,57.5
573.13412,5477554,57.25
573.13413,5383831,57.35
573.13414,5473580,57.3
573.13415,5317209,57.42
573.13416,5390698,57.36
573.13417,4455686,40.09
573.13418,5415565,57.2
573.13419,6106127,56.73
573.13420,5965284,56.71
573.13422,5557211,57.12
573.13424,5326901,57.39
573.13425,5312913,57.43
573.13427,5416221,57.31
573.13428,5521690,57.17
573.13429,5266128,57.27
573.13430,5453129,57.3
573.13431,5478882,57.32
573.13432,5588947,57.2
573.13434,5446053,57.28
573.13435,5390962,57.21
573.13436,5494180,57.26
573.13437,5475369,57.14
573.13438,5470988,57.28
573.13440,5473921,57.25
573.13441,5391960,57.35
573.13444,5401154,57.24
573.13445,5405135,57.32
573.13446,5397468,57.33
573.13447,5551144,57.16
573.13448,5438938,57.24
573.13450,5348004,57.16
573.13451,5550348,57.16
573.13452,5526053,57.13
573.13453,5368422,57.29
573.13454,5306486,57.43
573.13455,5499955,57.22
573.13457,5290409,57.54
573.13458,5605312,57.03
573.13459,5393473,57.29
573.13460,5597471,57.17
573.13461,5522555,57.2
573.13462,5387620,57.35
573.13463,5725565,56.75
573.13464,5602590,57.85
573.13465,5454884,57.17
573.13467,5506433,57.21
573.13468,5493126,57.23
573.13469,5404078,57.35
573.13470,5554607,57.18
573.13471,5444930,57.27
573.13472,5482466,57.3
573.13473,5619834,57.02
573.13475,5575169,57.25
573.13477,5557386,57.18
573.13478,5528768,57.26
573.13479,5518481,57.14
573.13480,5401873,57.35
573.13481,5371374,57.36
573.13482,5412862,57.35
573.13483,5562080,57.17
573.13486,5619083,57.02
573.13487,5395007,57.38
573.13488,5477675,57.27
573.13489,5719212,56.79
573.13490,5522890,57.26
573.13491,5517277,57.26
573.13493,5396856,57.35
573.13494,5618216,57.16
573.13495,5413169,57.34
573.13496,5513987,57.24
573.13497,5719333,56.75
573.13498,5916103,56.75
573.13499,5347669,57.38
573.13500,5504855,57.22
573.13501,5857088,56.8
573.13502,5489544,57.22
573.13503,5552653,57.19
573.13504,5478115,57.26
573.13505,6988207,53.62
573.13506,5567769,57.02
573.13507,5438756,57.28
573.13509,5457824,57.23
573.13510,5622436,57.16
573.13512,5500320,57.25
573.13513,5384167,57.4
573.13514,5379254,57.44
573.13516,5372238,57.4
573.13517,5734348,56.69
573.13518,5437200,57.22
573.13519,5402864,57.35
573.13520,5517249,57.22
573.13521,5376493,57.44
573.13522,5644563,57.13
573.13523,5558416,57.18
573.13524,5626555,57.14
573.13525,5551291,57.19
573.13527,5502459,57.32
573.13528,5761519,56.99
573.13529,5416617,57.2
573.13530,5467833,57.29
573.13531,5640972,57.1
573.13532,5536913,57.15
573.13533,5366648,57.38
573.13534,5391773,57.39
573.13535,5571143,57.12
573.13537,5388879,57.29
573.13538,5504990,57.21
573.13539,5407397,57.34
573.13540,5391635,57.3
573.13541,5324316,57.31
573.13542,5489853,57.3
573.13543,5563259,57.19
573.13544,5396056,57.37
573.13545,5551333,56.9
573.13546,5411890,57.28
573.13547,5737382,56.79
573.13548,5467249,57.32
573.13550,5509388,57.24
573.13551,5507282,57.24
573.13552,5323037,57.32
573.13555,5359577,57.28
573.13556,5647124,57.74
573.13557,5414384,57.34
573.13558,5433454,57.29
573.13559,5668774,57.13
573.13560,5353242,57.38
573.13561,5480432,57.31
573.13562,5411892,57.36
573.13563,5558039,57.18
573.13564,5498256,57.22
573.13565,5557820,57.18
573.13568,5561615,57.21
573.13569,5408813,57.35
573.13571,5244150,57.47
573.13572,5486996,57.16
573.13573,5564502,57.18
573.13574,5558373,57.18
573.13575,5418106,57.34
573.13577,5447072,57.33
573.13578,5552738,57.13
573.13579,5408430,57.35
573.13580,5453916,57.37
573.13581,5453601,57.32
573.13582,5591879,56.69
573.13583,5263513,57.46
573.13584,5773177,57.03
573.13585,5510014,57.23
573.13586,5617783,57.03
573.13587,5582399,57.2
573.13588,5590217,57.04
573.13589,5556192,57.22
573.13590,5346321,57.38
573.13591,5453295,57.72
573.13593,5642783,57.07
573.13594,5370242,57.39
573.13595,5636185,57.14
573.13596,5746315,56.75
573.13597,5260363,57.45
573.13598,5251705,57.47
573.13599,5559699,57.22
573.13600,5552683,57.2
573.13601,5464855,57.29
573.13602,5481932,57.24
573.13603,5501388,57.25
573.13604,5714567,56.81
573.13606,5483063,57.25
573.13607,5474837,57.24
573.13609,5360691,57.4
573.13610,5446649,57.31
573.13611,5362211,57.33
573.13612,5410467,57.25
573.13613,5557267,57.22
573.13614,5655360,57.72
573.13615,5510786,57.26
573.13616,5547906,57.19
573.13617,5439254,57.27
573.13619,5366405,57.4
573.13620,5431130,57.28
573.13621,5364425,57.38
573.13622,7128273,52.47
573.13623,5596459,57.03
573.13624,5244560,57.47
573.13625,5505644,57.3
573.13626,5530218,57.17
573.13627,5553236,57.05
573.13628,5438198,57.31
573.13629,5683959,57.12
573.13630,5595338,57.18
573.13631,5462306,57.34
573.13632,5391424,57.39
573.13633,5482226,57.3
573.13634,5580230,57.19
573.13636,5459007,57.12
573.13637,5560155,57.2
573.13638,5383414,57.31
573.13639,5413988,57.32
573.13640,5413621,57.34
573.13641,5318479,57.5
573.13642,5556030,57.05
573.13643,5250565,57.47
573.13644,5536106,57.16
573.13645,5515948,57.24
573.13646,5383400,57.4
573.13647,5794716,57.21
573.13648,5486134,57.23
573.13649,5758699,57.21
573.13650,5594233,57.12
573.13651,5686556,56.78
573.13653,5371070,57.26
573.13654,5440831,57.13
573.13655,5552637,57.2
573.13656,5501565,57.16
573.13657,5376317,57.42
573.13659,5740331,56.76
573.13660,5373244,57.45
573.13661,5592375,57.17
573.13662,5249439,57.5
573.13665,5801410,56.97
573.13666,5479471,57.27
573.13667,5395220,57.41
573.13668,5499899,57.27
573.13669,5458380,57.36
573.13670,5563310,57.19
573.13671,5453653,57.24
573.13672,5378927,57.44
573.13673,5567583,57.1
573.13674,5590439,57.12
573.13675,5484094,57.3
573.13676,5552977,57.2
573.13677,5321169,57.48
573.13678,5592317,57.12
573.13679,5464698,57.26
573.13680,5566977,57.19
573.13681,5502026,57.24
573.13682,5534757,57.18
573.13683,5662734,57.04
573.13684,5469839,57.24
573.13685,5504031,57.26
573.13686,5493071,57.26
573.13687,5425929,57.34
573.13688,5362910,57.38
573.13689,5425505,57.32
573.13690,5382888,57.35
573.13691,5815082,56.99
573.13692,5526215,57.31
573.13694,5355796,57.33
573.13695,5344668,57.46
573.13696,5349674,57.46
573.13697,5469890,57.35
573.13698,5415666,57.31
573.13699,5690558,57.12
573.13700,5388912,57.37
573.13701,5403409,57.41
573.13702,5355487,57.33
573.13705,5201438,57.54
573.13706,5797702,57.01
573.13707,5754932,56.79
573.13708,5507178,57.28
573.13709,5360380,57.38
573.13710,5361898,57.38
573.13711,5807874,56.83
573.13712,5390406,57.36
573.13713,5471116,57.34
573.13714,5413589,57.31
573.13715,5551783,57.19
573.13716,5437770,57.27
573.13717,5618157,57.04
573.13718,5550230,57.32
573.13719,5420701,57.29
573.13720,5602555,57.31
573.13721,5584917,57.17
573.13722,5601186,57.16
573.13723,5333722,57.6
573.13724,5645178,57.02
573.13725,5545506,57.19
573.13726,5284523,57.66
573.13727,5325909,57.53
573.13728,5743413,56.81
573.13729,5336071,57.38
573.13730,5559102,57.17
573.13731,5388754,57.41
573.13732,2750007,57.65
573.13733,6153431,56.57
573.13734,5307689,57.44
573.13737,5522252,57.74
573.13738,5502627,57.24
573.13740,5644713,57.3
573.13741,5746502,57.05
573.13742,5543107,57.26
573.13743,5715242,57.06
573.13744,5523855,57.38
573.13745,5393781,57.32
573.13746,5553176,57.33
573.13747,5446812,57.28
573.13748,5660849,57.15
573.13749,5381426,57.3
573.13750,5407605,57.36
573.13751,5499558,57.24
573.13752,5707569,57.28
573.13753,5414727,57.44
573.13755,5665797,57.17
573.13756,5756508,57.13
573.13757,5508060,57.26
573.13758,5523078,57.26
573.13759,5719586,57.05
573.13760,5395957,57.47
573.13761,5463826,57.33
573.13762,5477032,57.25
573.13765,5741481,57.05
573.13766,5329539,57.41
573.13768,5465124,57.26
573.13769,5808491,56.97
573.13770,5475073,57.28
573.13771,5289600,57.34
573.13772,5426478,57.38
573.13773,5566235,57.17
573.13774,5527152,57.1
573.13775,5216718,57.49
573.13777,5370831,57.38
573.13778,5435791,57.3
573.13779,5581723,57.16
573.13780,5473521,57.28
573.13781,5604415,57.16
573.13782,5772011,56.81
573.13783,5448638,57.32
573.13784,5611058,57.2
573.13785,5465669,57.12
573.13786,5714451,57.04
573.13787,5770076,56.76
573.13788,5599573,57.16
573.13789,5585342,57.23
573.13790,5596956,57.17
573.13791,4871691,56.84
573.13792,5463099,57.32
573.13793,5607393,57.16
573.13794,5653813,57.15
573.13796,5408935,57.33
573.13797,5873322,57.11
573.13798,5549770,57.11
573.13799,5529992,57.22
573.13800,5542089,57.22
573.13801,5269941,57.59
573.13802,5401378,57.32
573.13803,5400138,57.32
573.13804,5381060,57.38
573.13805,5615728,57.03
573.13806,5735715,57.04
573.13807,5383145,57.39
573.13808,5530943,57.16
573.13809,5506518,57.25
573.13810,5410100,57.34
573.13811,5580908,57.16
573.13812,5574738,57.17
573.13813,5522704,57.18
573.13814,5489985,57.24
573.13815,5617418,57.03
573.13816,5567556,57.17
573.13817,5559565,57.25
573.13818,5458721,57.12
573.13819,5518700,57.28
573.13820,5515056,57.3
573.13821,5498844,57.12
573.13822,8614068,54.74
573.13823,5368928,57.44
573.13824,5505329,57.23
573.13825,5635723,57.16
573.13826,5516061,57.1
573.13827,5751426,56.9
573.13828,5754531,56.9
573.13829,5755840,57.06
573.13830,5490022,57.26
573.13831,5470600,57.31
573.13832,5467600,57.3
573.13833,5633431,57.17
573.13836,5350925,57.39
573.13838,5423589,57.25
573.13839,5463662,57.11
573.13840,5567076,57.17
573.13841,5509498,57.19
573.13842,5558623,57.15
573.13846,5543548,57.16
573.13847,5589204,57.19
573.13848,5542869,57.25
573.13849,5505458,57.25
573.13850,5512195,57.26
573.13851,5503523,57.12
573.13852,5560199,57.14
573.13854,5508851,57.25
573.13855,5585135,57.14
573.13856,5695020,57.08
573.13857,5427162,57.38
573.13858,5669680,56.98
573.13859,5660781,56.98
573.13860,5198880,57.44
573.13861,5563302,57.17
573.13862,5649086,57.13
573.13863,5542982,57.29
573.13864,5424052,57.33
573.13865,5413172,57.33
573.13866,5298279,57.49
573.13867,5511819,57.27
573.13868,5470843,57.25
573.13869,5725274,56.93
573.13870,5632925,56.98
573.13871,5505635,57.25
573.13872,5588937,57.19
573.13873,5497752,57.23
573.13874,5271140,57.59
573.13875,5449495,57.12
573.13876,5650759,57.12
573.13877,5647599,57.12
573.13878,5691015,57.08
573.13879,5588520,57.19
573.13880,5421408,57.35
573.13881,5518696,57.23
573.13882,5565154,57.24
573.13883,5409629,57.41
573.13884,5515338,57.14
573.13885,6622743,54.12
573.13886,5567633,57.15
573.13887,5556002,57.17
573.13888,5487315,57.25
573.13889,5507684,57.26
573.13890,5499326,57.26
573.13892,5493870,57.19
573.13893,5580340,57.24
573.13894,5549070,57.22
573.13895,5750485,57.01
573.13896,5417564,57.34
573.13897,5386850,57.43
573.13898,5748840,56.75
573.13899,5342201,57.33
573.13900,5380355,57.38
573.13901,5753017,56.73
573.13902,5567128,57.1
573.13903,5346863,57.39
573.13904,5753939,57.06
573.13905,5797382,57.03
573.13906,5486261,57.26
573.13907,5415015,57.34
573.13909,5351397,57.38
573.13910,5640826,57.0
573.13912,5520800,57.2
573.13913,5793572,57.04
573.13914,5471525,57.25
573.13915,5256098,57.44
573.13916,5380268,57.38
573.13917,5752715,57.05
573.13918,5379307,57.38
573.13919,5553149,57.22
573.13920,5693596,57.08
573.13921,5743262,57.07
573.13922,5522666,57.27
573.13923,5535558,57.2
573.13924,5616403,57.85
573.13925,5670634,57.19
573.13926,5403205,57.41
573.13927,5356498,57.47
573.13929,5312127,57.42
573.13930,5380027,57.39
573.13931,5414836,57.35
573.13932,5575774,57.14
573.13933,5482827,57.27
573.13934,5590988,57.19
573.13935,5402719,57.47
573.13936,5626562,57.14
573.13937,5529387,57.21
573.13938,5461475,57.3
573.13939,5413559,57.31
573.13940,5417164,57.31
573.13941,5461919,57.32
573.13942,5529002,57.15
573.13943,5514354,57.3
573.13944,5456969,57.32
573.13945,5542478,57.15
573.13946,8135480,54.51
573.13947,5462580,57.31
573.13948,5775110,57.1
573.13949,5502218,57.09
573.13950,5575183,57.26
573.13951,5437244,57.32
573.13952,5454386,57.25
573.13953,5723049,56.95
573.13954,5461695,57.38
573.13955,5478400,57.32
573.13956,5457098,57.37
573.13957,5453614,57.33
573.13958,5448383,57.38
573.13959,5352600,57.38
573.13960,5599316,57.32
573.13961,5534641,57.22
573.13963,5565430,57.4
573.13964,5597545,57.11
573.13965,5581226,57.14
573.13966,5564505,57.11
573.13968,6913538,55.59
573.13969,5426042,57.38
573.13970,5403584,57.32
573.13971,5508295,57.24
573.13972,5588558,57.23
573.13973,5560326,57.19
573.13974,5556348,57.24
573.13975,5616360,57.1
573.13976,5319898,57.43
573.13977,5608003,57.14
573.13978,5558760,57.17
573.13979,5423235,57.33
573.13981,5563397,57.12
573.13982,5423074,57.33
573.13983,5419089,57.33
573.13984,5564957,57.1
573.13985,5432742,57.37
573.13986,5623002,57.1
573.13987,5561992,57.11
573.13988,5552023,57.12
573.13989,5561062,57.18
573.13990,5558120,57.19
573.13991,5510798,57.25
573.13992,5511835,57.19
573.13993,6224242,56.26
573.13994,5610875,57.01
573.13995,5677227,56.83
573.13996,5564069,56.98
573.13997,5554856,57.18
573.13998,5718404,57.07
573.13999,5465474,57.15
573.14000,5840611,56.97
573.14001,5297751,57.48
573.14002,5515382,57.21
573.14003,5677012,57.08
573.14004,5501081,57.32
573.14005,5505162,57.24
573.14006,5675255,57.08
573.14007,5553275,57.14
573.14008,5402752,57.32
573.14009,5468357,57.31
573.14010,5421722,57.33
573.14011,5488371,57.27
573.14012,5866652,56.96
573.14014,5641841,57.06
573.14015,5368019,57.36
573.14016,5437924,57.29
573.14017,5420262,57.34
573.14018,5423665,57.33
573.14019,5419866,57.33
573.14020,5420729,57.34
573.14022,5792494,57.01
573.14026,5451046,57.32
573.14027,5508518,57.12
573.14028,5531843,57.15
573.14029,5575734,57.14
573.14030,5496838,57.27
573.14031,5368775,57.38
573.14032,5575528,57.2
573.14033,5508599,57.24
573.14034,5522156,57.13
573.14035,5410628,57.34
573.14036,5485806,57.25
573.14037,5481346,57.29
573.14038,5411742,57.34
573.14039,5411443,57.34
573.14040,5506826,57.25
573.14041,5330128,57.38
573.14042,5410985,57.34
573.14044,5422063,57.33
573.14045,5541974,57.24
573.14046,5443419,57.35
573.14047,5423714,57.41
573.14048,5423663,57.34
573.14049,5699615,57.07
573.14050,5511578,57.24
573.14051,5399804,57.42
573.14052,5506407,57.25
573.14053,5509172,57.25
573.14054,5519315,57.12
573.14055,5496092,57.24
573.14056,5385030,57.4
573.14057,5561703,57.15
573.14059,5704684,57.3
573.14060,5508520,57.25
573.14061,5513469,57.21
573.14062,5404229,57.36
573.14063,5325301,57.36
573.14065,5533336,57.19
573.14067,5395014,57.4
573.14068,5368036,57.3
573.14069,5455330,57.24
573.14072,5519920,57.15
573.14074,5422199,57.33
573.14075,5459798,57.3
573.14076,5791457,57.01
573.14077,5420367,57.34
573.14078,5409072,57.35
573.14079,5564444,57.18
573.14080,5408297,57.34
573.14081,5503863,57.25
573.14082,5431459,57.28
573.14083,5424465,57.33
573.14084,5508984,57.25
573.14085,5557358,57.19
573.14087,5481205,57.31
573.14088,5538489,57.2
573.14089,5538915,57.2
573.14090,5437365,57.22
573.14091,5785148,57.02
573.14092,5473573,57.22
573.14093,5424100,57.33
573.14094,5425859,57.29
573.14095,5456336,57.29
573.14096,5422562,57.33
573.14097,5571457,57.17
573.14098,5789973,57.01
573.14099,5359879,57.38
573.14100,5540923,56.99
573.14103,5483074,57.25
573.14105,5536042,57.17
573.14106,5347966,57.34
573.14107,5408531,57.31
573.14108,5441061,57.02
573.14109,5521117,57.22
573.14110,5439627,57.29
573.14111,5401584,57.36
573.14112,5367548,57.36
573.14113,5412112,57.32
573.14114,5432945,57.29
573.14115,5531929,57.25
573.14116,5824681,56.96
573.14118,5437348,57.23
573.14119,5490465,57.14
573.14120,5632204,57.13
573.14121,5373570,57.35
573.14122,5505383,57.21
573.14123,5425684,57.33
573.14124,5502870,57.21
573.14125,5453323,57.27
573.14126,5421102,57.34
573.14127,5406258,57.35
573.14128,5595876,57.13
573.14129,5317794,57.43
573.14130,5405815,57.35
573.14131,5367489,57.36
573.14132,5514375,57.21
573.14133,5559225,57.19
573.14134,5755737,56.78
573.14135,5242614,57.26
573.14137,5510157,57.23
573.14138,5487286,57.25
573.14139,5373861,57.26
573.14140,5296186,57.3
573.14142,5505559,57.26
573.14143,5422036,57.33
573.14144,5427432,57.33
573.14146,5563714,57.17
573.14147,5409009,57.36
573.14148,5509324,57.24
573.14149,5526726,57.03
573.14151,5675972,56.8
573.14152,5364254,57.3
573.14153,5555948,57.17
573.14154,5579215,57.16
573.14155,5672784,56.81
573.14156,5423689,57.33
573.14158,5555230,57.18
573.14160,5423048,57.12
573.14161,5516631,57.14
573.14162,5421424,57.33
573.14164,5495329,57.2
573.14165,5461640,57.27
573.14166,5504039,57.24
573.14167,5519518,57.22
573.14168,5521458,57.22
573.14169,5397927,57.29
573.14170,5523578,57.33
573.14172,5424503,57.33
573.14173,5427416,57.19
573.14174,5423771,57.34
573.14175,5563078,57.18
573.14176,5412175,57.34
573.14177,5610647,57.19
573.14179,5513008,57.22
573.14180,5454461,57.2
573.14181,5561448,57.17
573.14182,5610845,57.19
573.14183,5439564,57.27
573.14184,5792939,57.01
573.14185,5436170,57.21
573.14186,5623253,57.15
573.14187,5392631,57.4
573.14188,5539551,57.2
573.14189,5611352,56.85
573.14190,5413675,57.38
573.14191,5599484,57.03
573.14192,5536341,57.2
573.14193,5745346,57.08
573.14194,5449542,57.36
573.14195,5377986,57.37
573.14196,5430451,57.01
573.14197,5474421,57.3
573.14198,5458766,57.3
573.14199,5619522,57.03
573.14200,5973561,56.86
573.14201,5272740,57.49
573.14202,5296427,57.45
573.14203,5488476,57.19
573.14204,5465313,57.31
573.14205,5682982,57.0
573.14206,5604874,57.12
573.14207,5421133,57.33
573.14208,5483356,57.2
573.14209,5426685,57.33
573.14210,5488640,57.26
573.14211,5408380,57.4
573.14212,5419006,57.35
573.14213,5459804,56.81
573.14214,5973075,56.7
573.14215,5427284,57.01
573.14216,5469921,56.82
573.14217,5436939,57.36
573.14218,5482522,57.12
573.14219,5620769,57.03
573.14220,5498276,57.24
573.14221,5598419,57.07
573.14222,5555597,57.22
573.14223,6004416,56.76
573.14224,5443341,57.2
573.14225,5563756,57.18
573.14226,5959396,56.84
573.14227,5406123,57.35
573.14228,5464773,57.15
573.14229,5566759,57.22
573.14230,5493086,57.23
573.14231,5812698,56.77
573.14232,5335353,57.4
573.14233,5671515,57.12
573.14234,5560513,57.19
573.14235,5581200,57.0
573.14236,5366920,57.34
573.14237,5669093,57.19
573.14238,5525365,57.22
573.14239,6001957,56.72
573.14240,6011394,56.72
573.14241,5776624,57.03
573.14243,5468426,57.15
573.14244,5417427,57.38
573.14245,5497486,57.21
573.14246,5692374,57.08
573.14247,5569263,57.17
573.14248,5432913,57.33
573.14249,5463651,57.3
573.14250,5550658,57.18
573.14251,5464301,57.16
573.14252,5351543,57.39
573.14253,5479591,57.29
573.14254,5517173,57.08
573.14255,5447288,57.22
573.14256,5500183,57.19
573.14257,5368037,57.46
573.14258,5430538,57.38
573.14259,5368609,57.46
573.14260,5559020,57.17
573.14261,5447038,57.3
573.14262,5426627,57.33
573.14263,5530620,57.26
573.14264,5528180,57.23
573.14266,5449521,57.22
573.14267,5716087,57.04
573.14268,5460065,57.31
573.14269,5655697,56.95
573.14270,5497143,57.24
573.14271,5557809,57.07
573.14273,5495251,57.23
573.14274,5434741,57.3
573.14275,5429548,57.3
573.14276,5525086,57.23
573.14278,5498718,57.23
573.14279,5599464,57.02
573.14280,5594653,57.12
573.14281,5541522,57.24
573.14282,5768138,57.06
573.14283,5770048,57.05
573.14284,5566779,57.19
573.14285,5396339,57.34
573.14286,5423064,57.33
573.14287,5485844,57.25
573.14288,5745674,57.09
573.14289,5771159,57.05
573.14290,5568407,57.18
573.14291,5399269,57.35
573.14292,5399476,57.37
573.14293,5763869,57.05
573.14294,5606758,57.0
573.14295,5621970,56.96
573.14296,5560038,57.19
573.14297,5673188,57.06
573.14298,5514599,57.15
573.14299,5314007,57.33
573.14300,5522438,57.26
573.14301,5778460,56.8
573.14303,5399957,57.38
573.14304,5612658,56.96
573.14306,5569976,57.15
573.14307,5561160,57.19
573.14308,5369337,57.29
573.14309,5483959,57.35
573.14310,5387279,57.39
573.14311,5465700,57.27
573.14313,5473359,57.14
573.14314,5590856,57.08
573.14315,5481121,57.14
573.14316,5435338,57.34
573.14317,5561642,57.17
573.14319,5520025,57.18
573.14320,5480556,57.33
573.14321,5565926,57.17
573.14322,5517315,57.19
573.14323,5445524,57.29
573.14324,5387704,57.32
573.14325,5434549,57.31
573.14326,5507695,57.26
573.14327,5591473,57.1
573.14329,5412660,57.37
573.14330,6615681,46.35
573.14331,5497330,57.27
573.14332,5381965,57.41
573.14333,5511490,57.22
573.14334,5543931,57.23
573.14335,5558107,57.09
573.14337,5469514,57.32
573.14339,5480146,57.31
573.14340,5498340,57.21
573.14341,5416458,57.39
573.14342,5484288,57.29
573.14343,5591668,57.04
573.14344,5491715,57.27
573.14345,5597773,57.02
573.14346,5413011,57.33
573.14347,5417771,57.34
573.14348,5588827,57.02
573.14349,5552689,57.17
573.14350,5603822,57.02
573.14351,5372464,57.42
573.14352,5981702,56.73
573.14353,5559820,57.17
573.14354,5475323,57.21
573.14355,5493060,57.26
573.14356,5421537,57.33
573.14357,5543709,57.2
573.14358,5416023,57.34
573.14359,5768568,56.72
573.14360,5465717,57.27
573.14361,5520657,57.22
573.14362,5511792,57.25
573.14363,5487338,57.27
573.14364,5570219,57.17
573.14366,5448961,57.34
573.14367,5513355,57.21
573.14368,5490963,57.15
573.14369,5487281,57.3
573.14371,5532447,57.19
573.14372,5595775,57.09
573.14373,5323333,57.37
573.14374,5812155,56.78
573.14375,5780132,56.71
573.14376,5349611,57.4
573.14377,5469320,57.28
573.14378,5576051,57.16
573.14379,5664138,56.96
573.14380,5399478,57.36
573.14381,5596591,57.02
573.14382,5479066,57.22
573.14383,5596758,57.14
573.14384,5531321,57.1
573.14385,5508415,57.15
573.14386,5480891,57.31
573.14388,5530173,57.14
573.14389,5484668,57.23
573.14390,5445274,57.21
573.14391,5471556,57.27
573.14392,5457643,57.29
573.14393,5353192,57.35
573.14394,5520763,57.14
573.14395,5550312,57.1
573.14396,6045740,56.69
573.14398,5470782,57.28
573.14399,5464722,57.28
573.14400,5559567,57.21
573.14401,5327715,57.36
573.14402,5487684,57.26
573.14403,5501614,57.23
573.14404,5505267,57.2
573.14405,5702910,56.87
573.14406,5467824,57.3
573.14407,5406544,57.38
573.14408,5492704,57.27
573.14409,5540982,57.12
573.14410,5834855,57.13
573.14411,5572477,57.15
573.14412,3729293,58.24
573.14413,5411029,57.28
573.14415,5728776,56.85
573.14416,5700017,56.88
573.14417,5405062,57.36
573.14418,5517680,57.27
573.14419,5486688,57.25
573.14420,5331338,57.18
573.14421,5476778,57.32
573.14422,5502718,57.23
573.14423,5404425,57.29
573.14424,5559382,57.17
573.14425,5443266,57.3
573.14426,5490327,57.28
573.14427,5558593,57.24
573.14428,5474800,57.39
573.14429,5550344,57.28
573.14430,5478448,57.31
573.14431,6023218,56.35
573.14432,5843233,56.59
573.14433,5573906,57.16
573.14434,5560939,57.17
573.14436,5441258,57.3
573.14437,5453167,57.31
573.14438,5490049,57.28
573.14439,5994633,56.58
573.14440,5310756,57.47
573.14441,5519511,57.16
573.14442,5516039,57.23
573.14443,5259750,57.45
573.14444,5568689,57.16
573.14445,5450386,57.31
573.14446,5480426,57.31
573.14447,5468093,57.31
573.14448,5337309,57.41
573.14449,5378758,57.39
573.14450,7943584,56.31
573.14451,5508581,57.17
573.14452,5398738,57.38
573.14455,5563655,57.17
573.14456,5565295,57.18
573.14458,5417389,57.34
573.14459,5402909,57.35
573.14460,5481864,57.31
573.14461,5504640,57.27
573.14462,5501546,57.18
573.14463,5431032,57.25
573.14464,5413818,57.31
573.14465,5518207,57.22
573.14466,5370596,57.26
573.14467,5498236,57.22
573.14468,5471501,57.33
573.14469,5313979,57.47
573.14470,5411907,57.34
573.14471,5460041,57.32
573.14472,5571020,57.18
573.14473,5394267,57.37
573.14474,5560507,57.23
573.14475,5820099,56.99
573.14477,5556837,57.2
573.14478,5413254,57.34
573.14479,6032458,56.51
573.14480,5434200,57.18
573.14481,5353267,57.46
573.14482,5517123,57.21
573.14483,5547272,57.13
573.14484,5501098,57.31
573.14485,5473598,57.26
573.14486,5429079,57.34
573.14487,5518891,57.21
573.14488,5521955,57.21
573.14489,5504580,57.22
573.14490,5580977,57.48
573.14491,5728129,57.1
573.14492,5481993,57.31
573.14494,5312984,57.42
573.14495,5498338,57.25
573.14497,5581009,57.16
573.14498,5568849,57.17
573.14499,5433172,57.24
573.14500,5479834,57.31
573.14501,5576611,57.19
573.14503,5502612,57.32
573.14504,5391253,57.37
573.14505,5548935,57.26
573.14506,5517917,56.86
573.14507,5578459,57.17
573.14508,5393905,57.37
573.14509,5462471,57.2
573.14510,5517597,57.26
573.14511,5423544,57.37
573.14512,5574188,57.17
573.14513,5472754,57.28
573.14514,5516121,57.26
573.14515,5518227,57.26
573.14516,5459842,57.19
573.14517,5479008,57.3
573.14518,5555722,57.13
573.14519,5607212,57.07
573.14520,5492018,57.28
573.14521,5517236,57.23
573.14522,5416011,57.31
573.14523,5547151,57.13
573.14524,5740845,57.04
573.14525,5444220,57.3
573.14526,5402729,57.37
573.14527,5553043,57.15
573.14528,5491648,57.28
573.14529,5492257,57.3
573.14530,5481653,57.3
573.14531,5650779,57.16
573.14532,5374324,57.39
573.14533,5321529,57.37
573.14534,5614766,57.14
573.14535,5753798,56.94
573.14536,5626289,57.13
573.14537,5450066,57.25
573.14538,5488089,57.3
573.14539,5450574,57.32
573.14540,5445576,57.27
573.14541,5365990,57.39
573.14542,5564550,57.17
573.14543,5304250,57.39
573.14544,5489456,57.27
573.14545,5483423,57.16
573.14546,5491013,57.26
573.14547,5463993,57.15
573.14548,5493405,57.26
573.14549,5542587,57.2
573.14550,5442843,57.34
573.15042,5806817,56.65
573.15043,5746129,57.05
573.15044,5774316,57.06
573.15107,5835823,56.9
573.15108,5989257,56.9
573.15217,5859680,56.97
573.15329,5768890,57.06
573.15360,5676465,57.11
573.15361,5684599,57.1
573.15362,5448674,57.05
573.15364,5731216,57.06
573.15366,5519452,57.27
573.15367,6025713,56.65
573.15368,5677989,56.86
573.15369,5768996,57.06
573.15370,5768986,57.06
573.15371,5702263,57.12
573.15372,5519452,57.27
573.15373,5354543,57.12
573.15374,5736111,57.06
573.15375,5766429,57.05
573.15376,5732200,57.06
573.15377,5698065,56.85
573.15420,5859680,56.97
573.15432,5334926,57.41
573.15433,5464752,57.32
573.15434,5959331,56.5
573.15435,5873369,56.59
573.15436,5952052,56.5
573.15438,5871309,56.59
573.15440,5866413,56.59
573.15442,5469888,57.17
573.15443,5445811,57.11
573.15444,5405709,57.29
573.15445,5366400,57.36
573.15446,5464373,57.28
573.15447,5538051,57.18
573.15448,5871799,56.59
573.15449,5396855,57.34
573.15450,10834068,53.6
573.15451,5395704,57.17
573.15452,5349424,57.41
573.15455,5375981,57.35
573.15456,5723601,56.69
573.15458,5393891,57.29
573.15459,5427390,57.38
573.15461,5870429,56.59
573.15462,5471112,57.28
573.15466,5950751,56.5
573.15467,5870663,56.59
573.15468,5522692,57.15
573.15469,6575411,55.74
573.15470,5443930,57.36
573.15471,5375772,57.28
573.15472,5619133,57.09
573.15473,5452383,57.36
573.15474,5509604,57.14
573.15476,5397389,57.29
573.15477,5270222,57.49
573.15478,5872847,56.59
573.15480,5395033,57.29
573.15482,5465832,57.17
573.15483,5362327,57.42
573.15484,5397049,57.29
573.15485,5573845,57.21
573.15486,5950909,56.51
573.15487,5590983,57.06
573.15488,5949319,56.51
573.15489,5868414,56.59
573.15490,5872865,56.59
573.15491,5842634,56.58
573.15492,9470564,49.39
573.15493,5398503,57.29
573.15495,5254963,57.43
573.15496,5868577,56.59
573.15497,5366976,57.3
573.15498,5396576,57.29
573.15499,5396378,57.3
573.15500,5440885,57.34
573.15501,5397460,57.3
573.15502,5952134,56.51
573.15503,5368590,57.3
573.15504,5355573,57.37
573.15505,5374867,57.31
573.15506,5450661,57.27
573.15507,5406022,57.3
573.15509,5596532,57.04
573.15510,5449384,57.36
573.15511,5331774,57.39
573.15513,5293203,57.52
573.15514,5453292,57.14
573.15515,5737059,56.9
573.15516,5495080,57.3
573.15517,5251061,57.58
573.15518,5541981,57.25
573.15519,5366979,57.4
573.15520,5405294,57.28
573.15521,5496649,57.14
573.15522,5170447,57.51
573.15523,5521676,57.08
573.15524,5483378,57.26
573.15525,5146308,57.47
573.15526,5462514,56.88
573.15527,5630182,57.33
573.15528,5583712,57.09
573.15529,5468244,57.18
573.15530,6059292,56.59
573.15531,5285808,57.56
573.15533,5652263,57.25
573.15534,5545078,57.43
573.15535,5586800,57.09
573.15536,5268124,57.37
573.15537,5682264,57.27
573.15538,5401864,57.63
573.15539,5309541,57.46
573.15540,5184006,57.54
573.15541,5538068,57.14
573.15542,5674789,57.2
573.15543,5639466,57.32
573.15544,5394644,57.08
573.15545,5438968,57.24
573.15546,5436255,57.25
573.15547,5213457,57.61
573.15548,5485646,57.18
573.15550,5604200,57.02
573.15552,5642337,57.11
573.15553,5510364,57.24
573.15554,5272452,57.15
