drug,gene,n_present,pct_resistant_with_gene,log2_OR,p,q
ceftriaxone,aac(3)-IId,95,98.9,3.7575322234190325,4.592591947392567e-07,7.47517625479854e-07
ceftriaxone,aac(3)-IIe,654,99.4,5.442245990815816,1.2489436939542146e-55,1.1943024073437176e-54
ceftriaxone,aac(3)-IVa,68,98.5,3.251827724527467,5.795422207559078e-05,8.248368351223619e-05
ceftriaxone,aac(6')-Ib,479,99.4,5.184567266392121,8.686823217879558e-39,4.505369329951092e-38
ceftriaxone,aac(6')-Ib-cr5,632,98.6,4.256690861893208,6.2838259289745944e-46,4.1801102918831e-45
ceftriaxone,aadA1,252,94.8,2.000397851570911,4.767746815833755e-09,8.895917839299569e-09
ceftriaxone,aadA16,35,94.3,1.4754723665570526,0.1078809051198136,0.11832099271205364
ceftriaxone,aadA2,692,98.1,3.9192012817742525,1.8737003941994218e-47,1.3030734559659617e-46
ceftriaxone,acrR_V165I,55,27.3,-3.8083370382800146,3.2193094608999595e-20,9.472198990724881e-20
ceftriaxone,acrR_Y114F,55,27.3,-3.8083370382800146,3.2193094608999595e-20,9.472198990724881e-20
ceftriaxone,ant(2'')-Ia,40,97.5,2.4580609504306037,0.009395296817862806,0.011274356181435368
ceftriaxone,aph(3'')-Ib,803,97.6,3.6933898584271856,1.366424175568008e-52,1.1946451363537442e-51
ceftriaxone,aph(3')-Ia,444,98.4,3.9111875311480313,6.123570461677992e-30,2.4335228068486566e-29
ceftriaxone,aph(3')-VI,65,100.0,4.7954256272869085,6.498769698180957e-06,9.748154547271436e-06
ceftriaxone,aph(4)-Ia,66,98.5,3.2069443564289557,8.876021510938646e-05,0.00012459002671317548
ceftriaxone,aph(6)-Id,799,97.5,3.6024131963820842,5.131397931542052e-51,4.1321257027680735e-50
ceftriaxone,armA,131,100.0,5.8509491505192806,2.3783761119107514e-11,5.019193725825448e-11
ceftriaxone,arr-2,64,98.4,3.160716807940838,0.00013698106823006707,0.00019052821308363874
ceftriaxone,arr-3,102,98.0,3.1103936408066586,1.3535729292519644e-06,2.1350170945933045e-06
ceftriaxone,blaCTX-M,26,100.0,3.4611567353633332,0.014923306561714374,0.017563583876479223
ceftriaxone,blaCTX-M-15,1345,99.8,7.888778850682066,1.181000348093191e-161,7.227722130330328e-160
ceftriaxone,blaKPC-2,486,100.0,8.041956269774587,5.914526865945421e-45,3.693561675467957e-44
ceftriaxone,blaKPC-3,89,100.0,5.263810156574685,6.526500113207597e-08,1.1157033713081142e-07
ceftriaxone,blaNDM-1,125,100.0,5.778953390841601,5.837233117928259e-11,1.190795556057365e-10
ceftriaxone,blaOXA,451,99.8,6.308692455204672,2.4497584813759024e-39,1.2924587850017693e-38
ceftriaxone,blaOXA-1,672,98.7,4.388879895803145,2.4241355838001305e-50,1.8544637216070997e-49
ceftriaxone,blaOXA-181,26,100.0,3.4611567353633332,0.014923306561714374,0.017563583876479223
ceftriaxone,blaOXA-9,85,100.0,5.194832643863185,1.6580875492307317e-07,2.7725398364186004e-07
ceftriaxone,blaSHV,88,71.6,-1.0138786250354759,0.005811298523083021,0.007084690629734679
ceftriaxone,blaSHV-1,332,71.7,-1.1425611392134716,2.549880673443481e-08,4.5364156167075884e-08
ceftriaxone,blaSHV-11,579,82.7,-0.0394417407340111,0.8491352753349957,0.8523230145340889
ceftriaxone,blaSHV-12,307,99.7,5.625005335585203,2.891463131339192e-25,1.0054405888520373e-24
ceftriaxone,blaSHV-187,31,74.2,-0.8302203665434237,0.22416605191501746,0.2423844942968033
ceftriaxone,blaSHV-27,56,66.1,-1.3836614835340135,0.001754057657324905,0.0022552169879891636
ceftriaxone,blaSHV-28,719,99.0,4.893684413819514,2.475526601368294e-58,2.7053969286382075e-57
ceftriaxone,blaSHV-5,30,100.0,3.6668977542328745,0.005862230032540711,0.007118422182370863
ceftriaxone,blaSHV_C-112A,62,85.5,0.21464743430583857,0.7323474604792131,0.7420474268431761
ceftriaxone,blaTEM,215,99.5,5.033863451866284,4.7854085105711954e-17,1.2958716851635273e-16
ceftriaxone,blaTEM-1,910,98.8,4.824906267677563,1.3935140789075357e-75,3.045823629612185e-74
ceftriaxone,ble,139,100.0,5.942335013370106,3.3887023588389625e-12,7.35420511918243e-12
ceftriaxone,catA1,455,98.9,4.420061799864795,1.943701885642352e-33,8.746658485390585e-33
ceftriaxone,catA2,233,98.3,3.547966971919645,6.667425035336066e-15,1.581575240940183e-14
ceftriaxone,catB,39,94.9,1.6411364112955151,0.05090227752337151,0.05726506221379295
ceftriaxone,catB3,678,98.7,4.408349091751501,5.693286386148608e-51,4.467040087593524e-50
ceftriaxone,cmlA1,64,98.4,3.160716807940838,0.00013698106823006707,0.00019052821308363874
ceftriaxone,cmlA5,31,100.0,3.7141723011398877,0.0061201757127948755,0.007402267858162973
ceftriaxone,dfrA1,73,87.7,0.4925753244480208,0.3431269044973222,0.36205804405579517
ceftriaxone,dfrA12,648,99.2,5.126123973578703,2.0620331693169458e-53,1.9120671206393495e-52
ceftriaxone,dfrA14,857,98.4,4.31539798999915,1.075347101862048e-64,1.4957100598626669e-63
ceftriaxone,dfrA15,33,87.9,0.43402000509373573,0.6403567181577484,0.6531638525209034
ceftriaxone,dfrA22,29,96.6,1.9791063511914908,0.04748565143962147,0.0536184846513807
ceftriaxone,dfrA27,37,94.6,1.5605968218200925,0.07416760730231764,0.08282951764419415
ceftriaxone,dfrA5,48,97.9,2.73002887996151,0.002784360977419514,0.0035062323419356844
ceftriaxone,dfrA50,147,86.4,0.37369006009466316,0.3075944413114937,0.3291045421025073
ceftriaxone,erm(B),33,100.0,3.804446605076536,0.0038030841961765,0.004711513214696392
ceftriaxone,estX-3,68,100.0,4.862271445655525,4.094499574489044e-06,6.296064672329886e-06
ceftriaxone,floR,33,100.0,3.804446605076536,0.0038030841961765,0.004711513214696392
ceftriaxone,fosA,2345,84.5,3.731746986140446,5.392917644774128e-23,1.7744438702160036e-22
ceftriaxone,fosA10,31,16.1,-4.644906404597124,3.686847188563806e-16,9.67788531918e-16
ceftriaxone,fosA5,26,34.6,-3.221499686871729,4.319050021106331e-08,7.466832239878741e-08
ceftriaxone,fosA7,104,90.4,0.9181160921291297,0.04435784307266935,0.05027222214902526
ceftriaxone,gyrA_D87A,141,97.2,2.735901267271096,1.034322395642668e-07,1.7583480725925357e-07
ceftriaxone,gyrA_D87G,34,97.1,2.215965334218584,0.0211324856987897,0.02458760693471349
ceftriaxone,gyrA_D87N,803,99.9,7.512897280636083,5.734485460749843e-79,1.3498096546072707e-77
ceftriaxone,gyrA_S83F,287,97.9,3.3479351096321337,4.188765862536931e-17,1.1444306731574116e-16
ceftriaxone,gyrA_S83I,1283,99.4,6.377410327721271,8.716286441812855e-139,4.4453060853245565e-137
ceftriaxone,gyrA_S83Y,48,100.0,4.349305713781259,0.00026592886206082064,0.00035690452539741715
ceftriaxone,mph(A),669,98.7,4.379112076060036,5.00052267982652e-50,3.643237952445036e-49
ceftriaxone,mph(E),129,100.0,5.827296696118245,3.979122620889001e-11,8.283071578177104e-11
ceftriaxone,mrx(A),669,98.7,4.379112076060036,5.00052267982652e-50,3.643237952445036e-49
ceftriaxone,msr(E),129,100.0,5.827296696118245,3.979122620889001e-11,8.283071578177104e-11
ceftriaxone,nfsB_K130QfsTer5,529,100.0,8.205673367052318,1.915076195822609e-49,1.3628216649342286e-48
ceftriaxone,ompK35_E132K,52,42.3,-2.818051949759763,2.2372021747305144e-11,4.754054621302343e-11
ceftriaxone,ompK35_E42RfsTer47,486,99.6,5.705136227530358,3.959684906439546e-41,2.2861577006990586e-40
ceftriaxone,ompK35_G208VfsTer5,550,100.0,8.282508308715512,8.998662859491466e-52,7.442137391903753e-51
ceftriaxone,ompK35_R60LfsTer31,50,100.0,4.409082147090648,0.00016356729324990162,0.0002234446059574549
ceftriaxone,ompK36_D135DGD,372,100.0,7.5521213903887645,1.8393260536459232e-33,8.400504065905261e-33
ceftriaxone,ompK36_T136TDT,47,100.0,4.318510150819462,0.00024848958028201494,0.0003364504936561795
ceftriaxone,oqxA,2229,85.1,2.099935256725021,7.79955541025324e-18,2.1895999592087078e-17
ceftriaxone,oqxA10,43,41.9,-2.826217608572792,9.108747627433938e-10,1.7420479837467405e-09
ceftriaxone,oqxA11,42,50.0,-2.3461694678429503,7.006899531879809e-07,1.1284796088185375e-06
ceftriaxone,oqxB,1148,84.3,0.2590534787199733,0.10356785264325227,0.11399914715408344
ceftriaxone,oqxB14,28,71.4,-1.0294431155982602,0.12409752396863526,0.13562086548000854
ceftriaxone,oqxB19,807,88.6,0.9373403167328561,1.12663130324259e-07,1.9046915955371963e-07
ceftriaxone,oqxB25,139,63.3,-1.6310452023294189,7.97488968754658e-09,1.461267212209134e-08
ceftriaxone,oqxB32,126,86.5,0.37964628329059935,0.33004395868574365,0.34945830919666976
ceftriaxone,oqxB5,38,47.4,-2.492752582992435,4.452304919237137e-07,7.285589867842587e-07
ceftriaxone,oqxR_D95E,95,23.2,-4.259995908598593,1.541846460924653e-39,8.425089590052568e-39
ceftriaxone,oqxR_V113I,52,23.1,-4.120854264497804,9.183115851264658e-22,2.9271181775906096e-21
ceftriaxone,parC_E84K,102,100.0,5.469314514618229,6.5602100841066895e-09,1.2092917383955705e-08
ceftriaxone,parC_S80I,1477,99.3,6.710439659906874,5.537109134914992e-176,4.235888488209969e-174
ceftriaxone,qnrB1,439,97.7,3.381011029001762,4.7389010784145464e-26,1.7060043882292367e-25
ceftriaxone,qnrB17,36,100.0,3.930382322233728,0.002524381019233073,0.003191985916881489
ceftriaxone,qnrS1,121,100.0,5.729150324343279,1.5320889990158065e-10,3.044280738304135e-10
ceftriaxone,ramR_A19V,147,93.2,1.4920557362683307,0.0002635578540438481,0.00035528063144236793
ceftriaxone,rmtF1,31,93.5,1.2890976377193415,0.14848208810701186,0.16111886156292776
ceftriaxone,sat2,25,100.0,3.4049315139296867,0.014488132118603041,0.017183598559273375
ceftriaxone,sul1,964,96.8,3.395811171481941,4.2436063661044396e-58,4.4374785284484477e-57
ceftriaxone,sul2,822,98.3,4.2113171729682914,1.0692191926963814e-60,1.3087242918603707e-59
ceftriaxone,sul3,64,100.0,4.772485072152096,1.0500294965445015e-05,1.552217516631002e-05
ceftriaxone,tet(A),523,97.1,3.1189600156326263,8.428435620479874e-29,3.2238766248335517e-28
ceftriaxone,tet(D),354,92.1,1.3869891337572322,1.4960397349585523e-07,2.5153195543808626e-07
ciprofloxacin,aac(3)-IId,95,81.1,0.3914579791443575,0.32434809225336053,0.3457892864847932
ciprofloxacin,aac(3)-IIe,654,96.5,3.603377862599514,8.855762442867033e-58,8.741494540378426e-57
ciprofloxacin,aac(3)-IVa,68,98.5,3.8522082689768418,2.9271879390045866e-07,4.841727077488668e-07
ciprofloxacin,aac(6')-Ib,479,99.4,5.822240465265328,4.350469145537694e-58,4.4374785284484477e-57
ciprofloxacin,aac(6')-Ib-cr5,632,90.0,1.838681416045427,1.523638828310958e-23,5.067755233295143e-23
ciprofloxacin,aadA1,252,90.9,1.7293932010267274,5.923370602401256e-10,1.1471844331232812e-09
ciprofloxacin,aadA16,35,91.4,1.542114080776589,0.04247489458960675,0.04831716633613259
ciprofloxacin,aadA2,692,97.3,4.026906973408612,3.980480565792668e-68,6.090135265662782e-67
ciprofloxacin,acrR_V165I,55,10.9,-4.744350858518299,2.67888847886171e-25,9.422297408410153e-25
ciprofloxacin,acrR_Y114F,55,10.9,-4.744350858518299,2.67888847886171e-25,9.422297408410153e-25
ciprofloxacin,ant(2'')-Ia,40,85.0,0.7291345775715977,0.2595238245013421,0.27962778273736155
ciprofloxacin,aph(3'')-Ib,803,87.5,1.5324872586495184,3.360357926889594e-21,1.0492546179879753e-20
ciprofloxacin,aph(3')-Ia,444,97.1,3.659166291237582,2.1874792806409708e-39,1.174330982238837e-38
ciprofloxacin,aph(3')-VI,65,100.0,5.394684104494909,4.1289199952408604e-08,7.178690446271042e-08
ciprofloxacin,aph(4)-Ia,66,98.5,3.8071905591931836,4.6751387572600005e-07,7.569272273659048e-07
ciprofloxacin,aph(6)-Id,799,87.4,1.4985210854663888,2.1777216057208375e-20,6.533164817162512e-20
ciprofloxacin,armA,131,100.0,6.454799676813084,2.2477234708799636e-16,5.980898974689295e-16
ciprofloxacin,arr-2,64,100.0,5.371676487205158,3.746596007031743e-08,6.588841253745479e-08
ciprofloxacin,arr-3,102,92.2,1.8394121288123337,3.8674029740471536e-05,5.608650758570753e-05
ciprofloxacin,blaCTX-M,26,96.2,2.4140692225429663,0.01738883687285913,0.020309099553797307
ciprofloxacin,blaCTX-M-15,1345,93.1,3.4397093481382823,2.6426076750689586e-109,8.984866095234459e-108
ciprofloxacin,blaKPC-2,486,96.7,3.527161536683516,1.006659930429487e-41,5.923806513681212e-41
ciprofloxacin,blaKPC-3,89,95.5,2.6153717980417297,1.321918973527946e-06,2.095892258546899e-06
ciprofloxacin,blaNDM-1,125,100.0,6.382372488282197,1.0531542765977391e-15,2.6199658022757555e-15
ciprofloxacin,blaOXA,451,96.7,3.476416896251314,2.479885297313957e-38,1.2647415016301181e-37
ciprofloxacin,blaOXA-1,672,91.2,2.1020100577381253,3.395656231933293e-30,1.3854277426287835e-29
ciprofloxacin,blaOXA-181,26,100.0,4.057852316051674,0.0016559607615338882,0.002138075919955147
ciprofloxacin,blaOXA-9,85,100.0,5.795447729952208,1.0300932951248027e-10,2.0737404493959845e-10
ciprofloxacin,blaSHV,88,61.4,-1.076633297797835,0.0012951168727673473,0.0016864075024119502
ciprofloxacin,blaSHV-1,332,58.1,-1.4616529781762098,2.0668582981953025e-15,5.0195130099028775e-15
ciprofloxacin,blaSHV-11,579,75.8,-0.05862259317683323,0.7365104469139161,0.7438026295566281
ciprofloxacin,blaSHV-12,307,96.4,3.222462720607161,1.9621370154778004e-24,6.67126585262452e-24
ciprofloxacin,blaSHV-187,31,38.7,-2.371562653835228,7.320837882871717e-06,1.0927689717847538e-05
ciprofloxacin,blaSHV-27,56,53.6,-1.5313639687366936,0.0001708348007217547,0.00023233532898158635
ciprofloxacin,blaSHV-28,719,99.2,5.778968968915836,4.639050723801136e-91,1.4195495214831476e-89
ciprofloxacin,blaSHV-5,30,90.0,1.2971250321659986,0.0850044440796417,0.09424405756655926
ciprofloxacin,blaSHV_C-112A,62,59.7,-1.1695546930492402,0.0035073943671544714,0.0043806639850990535
ciprofloxacin,blaTEM,215,98.6,4.402227054407173,2.8848832521417366e-22,9.292360791109172e-22
ciprofloxacin,blaTEM-1,910,89.1,1.8998078351401628,7.422087843836695e-33,3.1988153242451104e-32
ciprofloxacin,ble,139,100.0,6.546765305218436,3.229269269753543e-17,8.902309878780038e-17
ciprofloxacin,catA1,455,99.1,5.353201292512375,7.901268394900255e-53,7.11114155541023e-52
ciprofloxacin,catA2,233,94.0,2.3763312488632446,8.70720438403018e-14,2.003311685348297e-13
ciprofloxacin,catB,39,100.0,4.6440802803376,3.378489549268121e-05,4.9229419146478335e-05
ciprofloxacin,catB3,678,91.2,2.092735312500187,4.4774826063806806e-30,1.8027758915164319e-29
ciprofloxacin,cmlA1,64,98.4,3.760828958697271,7.505020045185364e-07,1.202374939176294e-06
ciprofloxacin,cmlA5,31,100.0,4.31119053831242,0.0003806780145951006,0.0005064672715917425
ciprofloxacin,dfrA1,73,72.6,-0.3160206676477932,0.48388812438732276,0.5019314103814263
ciprofloxacin,dfrA12,648,98.6,4.974194069181248,1.590126697599589e-74,3.041117309159214e-73
ciprofloxacin,dfrA14,857,90.3,2.0826551904446364,2.7144948038437068e-36,1.2978678280877723e-35
ciprofloxacin,dfrA15,33,84.8,0.6922805795469851,0.3058374238712941,0.3283728129986526
ciprofloxacin,dfrA22,29,69.0,-0.5881445761676827,0.37839129378019876,0.3978959996451575
ciprofloxacin,dfrA27,37,89.2,1.2215184521802016,0.07772683847321775,0.08648877299201684
ciprofloxacin,dfrA5,48,97.9,3.3290789315018263,4.8587246596220956e-05,6.980139651851461e-05
ciprofloxacin,dfrA50,147,76.9,0.030153503006869253,0.9205653593311346,0.9205653593311346
ciprofloxacin,erm(B),33,93.9,1.9841959060286243,0.012695808027168125,0.015116409557639867
ciprofloxacin,estX-3,68,100.0,5.46173154431402,1.4481842993569319e-08,2.637764259542983e-08
ciprofloxacin,floR,33,97.0,2.7695819516428712,0.002944927982467627,0.0036932293550618603
ciprofloxacin,fosA,2345,78.0,3.9489372964762293,5.50411261342845e-24,1.8508334722078083e-23
ciprofloxacin,fosA10,31,12.9,-4.368827021666127,8.873032842670185e-14,2.0262298879530424e-13
ciprofloxacin,fosA5,26,11.5,-4.494832236334794,3.4438587152870654e-12,7.421273006181986e-12
ciprofloxacin,fosA7,104,61.5,-1.0730476510533835,0.0005539668115890884,0.0007306631221821597
ciprofloxacin,gyrA_D87A,141,99.3,4.970424415242873,6.376842863557533e-16,1.6397595934862226e-15
ciprofloxacin,gyrA_D87G,34,97.1,2.8141008387889537,0.0018150365885548805,0.0023238543769782153
ciprofloxacin,gyrA_D87N,803,99.6,6.961432128596283,4.803891411804894e-112,2.0999868171604252e-110
ciprofloxacin,gyrA_S83F,287,99.3,5.382345517898549,5.299469570170243e-33,2.316625269245849e-32
ciprofloxacin,gyrA_S83I,1283,99.6,7.865916240421951,2.8232593960117155e-220,2.87972458393195e-218
ciprofloxacin,gyrA_S83Y,48,95.8,2.5580773174482587,0.00044570649553359276,0.0005904163966808631
ciprofloxacin,mph(A),669,96.4,3.5890364453253882,6.512506269627093e-59,7.380840438910704e-58
ciprofloxacin,mph(E),129,100.0,6.431003091239984,3.73199499236353e-16,9.67788531918e-16
ciprofloxacin,mrx(A),669,96.4,3.5890364453253882,6.512506269627093e-59,7.380840438910704e-58
ciprofloxacin,msr(E),129,100.0,6.431003091239984,3.73199499236353e-16,9.67788531918e-16
ciprofloxacin,nfsB_K130QfsTer5,529,100.0,8.84646824284017,5.111485132582063e-72,9.200673238647714e-71
ciprofloxacin,ompK35_E132K,52,25.0,-3.3314122758238978,3.469852173954846e-15,8.295115353360804e-15
ciprofloxacin,ompK35_E42RfsTer47,486,99.6,6.342704816728243,5.824021600320173e-61,7.425627540408221e-60
ciprofloxacin,ompK35_G208VfsTer5,550,100.0,8.92584990173505,4.095604332754289e-75,8.35503283881875e-74
ciprofloxacin,ompK35_R60LfsTer31,50,100.0,5.00734223082974,1.8406005317840481e-06,2.859003871705171e-06
ciprofloxacin,ompK36_D135DGD,372,99.7,6.583716862638488,2.8849906764864715e-46,1.9617936600108007e-45
ciprofloxacin,ompK36_T136TDT,47,100.0,4.916572476803552,5.006362231394423e-06,7.6216260836153905e-06
ciprofloxacin,oqxA,2229,79.0,2.259246743226606,1.363966645744179e-22,4.440146740401264e-22
ciprofloxacin,oqxA10,43,18.6,-3.8379260642157527,1.061685488503901e-15,2.6199658022757555e-15
ciprofloxacin,oqxA11,42,35.7,-2.5758932164724935,1.8182223146324325e-08,3.2536609840790897e-08
ciprofloxacin,oqxB,1148,80.4,0.6233905170039662,9.773992805400329e-06,1.4518649507050972e-05
ciprofloxacin,oqxB14,28,60.7,-1.0995700537201338,0.07003269065018619,0.07849818072878012
ciprofloxacin,oqxB19,807,82.9,0.8343821943964703,5.1362671431227166e-08,8.829762616828939e-08
ciprofloxacin,oqxB25,139,41.7,-2.34369388551079,1.5445861619279517e-19,4.458899674999559e-19
ciprofloxacin,oqxB32,126,74.6,-0.1583995945259731,0.6665666598453286,0.677639195723158
ciprofloxacin,oqxB5,38,15.8,-4.091082959442702,2.8710271612211608e-15,6.9175930026273635e-15
ciprofloxacin,oqxR_D95E,95,9.5,-5.105945341799233,1.083818613024018e-45,7.056350969901053e-45
ciprofloxacin,oqxR_V113I,52,9.6,-4.9211214434945,6.253694483651635e-25,2.1501466426937078e-24
ciprofloxacin,parC_E84K,102,100.0,6.071106212174238,7.343291991212898e-13,1.6522406980229023e-12
ciprofloxacin,parC_S80I,1477,99.8,9.345531327458684,1.0004562257889668e-292,1.530698025457119e-290
ciprofloxacin,qnrB1,439,88.2,1.3956995802083965,1.2983036663394536e-11,2.7781882650340756e-11
ciprofloxacin,qnrB17,36,69.4,-0.5500879435246082,0.3254487402209818,0.3457892864847932
ciprofloxacin,qnrS1,121,84.3,0.73683799261469,0.03665131127406877,0.04216278665362798
ciprofloxacin,ramR_A19V,147,89.1,1.369366131327659,8.010142737171907e-05,0.00011295408652417527
ciprofloxacin,rmtF1,31,100.0,4.31119053831242,0.0003806780145951006,0.0005064672715917425
ciprofloxacin,sat2,25,100.0,4.001562767844693,0.0015994463325744264,0.0020738583803719254
ciprofloxacin,sul1,964,91.7,2.4927821039827607,2.3718567128420286e-52,2.0160782059157243e-51
ciprofloxacin,sul2,822,88.9,1.7874075433255947,1.0475772377452227e-27,3.909251643293148e-27
ciprofloxacin,sul3,64,100.0,5.371676487205158,3.746596007031743e-08,6.588841253745479e-08
ciprofloxacin,tet(A),523,85.1,1.0010409286940838,4.1239913820273674e-08,7.178690446271042e-08
ciprofloxacin,tet(D),354,88.4,1.3878682385604806,1.1595126515299027e-09,2.203794232100312e-09
gentamicin,aac(3)-IId,95,94.7,4.659966698330944,2.2582729078547952e-29,8.859378330814966e-29
gentamicin,aac(3)-IIe,654,98.5,7.899535703619785,1.4110661886011904e-303,4.3178625371196425e-301
gentamicin,aac(3)-IVa,68,94.1,4.421393811687285,1.372607439797099e-20,4.158592837405072e-20
gentamicin,aac(6')-Ib,479,38.2,-0.25302194447538123,0.09756914358072775,0.10778396366679673
gentamicin,aac(6')-Ib-cr5,632,57.4,1.2628005400907394,1.1746960423697202e-20,3.5945698896513436e-20
gentamicin,aadA1,252,77.0,2.4716522796091884,1.7837359639921557e-33,8.270048560327266e-33
gentamicin,aadA16,35,34.3,-0.4280106286503436,0.49007514649536266,0.5066317392823682
gentamicin,aadA2,692,31.9,-0.8292231336694534,8.546395571957224e-10,1.6447780157351637e-09
gentamicin,acrR_V165I,55,7.3,-3.07490179979381,1.4870921538083946e-08,2.67676587685511e-08
gentamicin,acrR_Y114F,55,7.3,-3.07490179979381,1.4870921538083946e-08,2.67676587685511e-08
gentamicin,ant(2'')-Ia,40,77.5,2.2544937417556916,5.050806892344175e-06,7.651222322065929e-06
gentamicin,aph(3'')-Ib,803,66.9,2.3043744008113203,5.371827142818313e-71,9.132106142791131e-70
gentamicin,aph(3')-Ia,444,28.6,-0.9997732105694173,5.191085183003843e-10,1.0117656471332333e-09
gentamicin,aph(3')-VI,65,89.2,3.531296505057618,9.698901038583333e-16,2.432675178529918e-15
gentamicin,aph(4)-Ia,66,93.9,4.372882907731944,7.55934233493548e-20,2.203008337609768e-19
gentamicin,aph(6)-Id,799,66.8,2.2937373896742352,3.65313775230193e-70,5.883474485286266e-69
gentamicin,armA,131,94.7,4.725327598020096,2.0230611846617157e-40,1.1255576772845182e-39
gentamicin,arr-2,64,92.2,4.006792506794801,7.476075428373812e-18,2.11822137137258e-17
gentamicin,arr-3,102,64.7,1.4153734302431278,1.727771538815493e-06,2.697439239171127e-06
gentamicin,blaCTX-M,26,73.1,1.8880202563846702,0.0019956724680751095,0.0025339243785517987
gentamicin,blaCTX-M-15,1345,61.0,2.924283481295886,1.2119834028717226e-110,4.635836515984339e-109
gentamicin,blaKPC-2,486,35.4,-0.4699798693200806,0.0019866742252079455,0.0025330096371401307
gentamicin,blaKPC-3,89,33.7,-0.4929083329985004,0.12674707756936315,0.13802350795809654
gentamicin,blaNDM-1,125,88.0,3.474879617066875,2.4970793739554313e-28,9.433410968276073e-28
gentamicin,blaOXA,451,31.0,-0.8027091759092796,3.4655983376728e-07,5.701468232945575e-07
gentamicin,blaOXA-1,672,59.8,1.4938578381357102,3.732034583730871e-29,1.445572889394489e-28
gentamicin,blaOXA-181,26,88.5,3.266727847808227,1.6359005892739476e-06,2.5671055400914255e-06
gentamicin,blaOXA-9,85,83.5,2.8824626455365294,9.114724255402212e-16,2.3050459687215513e-15
gentamicin,blaSHV,88,37.5,-0.24843190639103363,0.443005085807075,0.4626606015596073
gentamicin,blaSHV-1,332,18.7,-1.8395992076423342,3.013399445219536e-21,9.506187940589464e-21
gentamicin,blaSHV-11,579,46.1,0.34983108337680424,0.011935525887630537,0.014266683287558377
gentamicin,blaSHV-12,307,17.9,-1.8996781240643361,5.135667070178305e-21,1.587388003509658e-20
gentamicin,blaSHV-187,31,22.6,-1.2333959049788172,0.04191430974699861,0.04785738351709543
gentamicin,blaSHV-27,56,55.4,0.8134070702648212,0.039489848541876725,0.045258028665971076
gentamicin,blaSHV-28,719,68.2,2.2954982197266984,1.3477811211500532e-66,1.9639096336757915e-65
gentamicin,blaSHV-5,30,16.7,-1.7425054121682162,0.004742792881933619,0.005828492457316013
gentamicin,blaSHV_C-112A,62,27.4,-0.9115878790620252,0.02581384048433541,0.029920587834116042
gentamicin,blaTEM,215,80.5,2.74783430300139,3.7890970378462073e-34,1.78379029781683e-33
gentamicin,blaTEM-1,910,59.9,1.7641447519359506,1.6384714478906324e-45,1.0445255480302782e-44
gentamicin,ble,139,89.2,3.669763141313054,2.0331870485524707e-33,9.016742563145739e-33
gentamicin,catA1,455,33.6,-0.5990761766541508,0.00014000870369316527,0.00019385820511361344
gentamicin,catA2,233,67.4,1.6963737354455235,1.1574722059781582e-16,3.10689907920453e-16
gentamicin,catB,39,97.4,5.2256107979906865,5.2108461224701113e-14,1.2171900102869117e-13
gentamicin,catB3,678,60.6,1.5673973395721965,4.536769739674986e-32,1.928127139361869e-31
gentamicin,cmlA1,64,89.1,3.5048967886646456,1.986103606627311e-15,4.8619816290236575e-15
gentamicin,cmlA5,31,87.1,3.135799387321954,2.2864478544033594e-07,3.802462192649065e-07
gentamicin,dfrA1,73,69.9,1.7363040495123379,8.459719807276926e-07,1.34826784428476e-06
gentamicin,dfrA12,648,29.3,-1.042586455125708,7.0633140996328e-14,1.6374046321876036e-13
gentamicin,dfrA14,857,67.3,2.445608947568173,2.525158309691561e-81,7.024531297869252e-80
gentamicin,dfrA15,33,69.7,1.67456214718292,0.001191468071787867,0.0015580736323379803
gentamicin,dfrA22,29,48.3,0.39772607479699384,0.45674340938707736,0.4753859975253254
gentamicin,dfrA27,37,35.1,-0.3766861684742956,0.5026181102794917,0.517848962106143
gentamicin,dfrA5,48,89.6,3.5306834220584284,3.3601426491906476e-12,7.344311790373844e-12
gentamicin,dfrA50,147,60.5,1.1758896224411024,2.4313710984370827e-06,3.7575735157664005e-06
gentamicin,erm(B),33,93.9,4.187691226053699,2.2814391543387636e-10,4.504002459533301e-10
gentamicin,estX-3,68,88.2,3.4012479564983162,7.101084496507302e-16,1.810776546609362e-15
gentamicin,floR,33,60.6,1.1074496692421523,0.03204490895575726,0.03700280053004423
gentamicin,fosA,2345,42.3,1.674252419029035,6.433898236567772e-05,9.114689168471009e-05
gentamicin,fosA10,31,9.7,-2.5610653714248097,0.00014858992406411388,0.00020481313857485968
gentamicin,fosA5,26,15.4,-1.8497589505925114,0.007966162091282897,0.009597029920994355
gentamicin,fosA7,104,37.5,-0.2514990753962848,0.4168418633719599,0.4368274321637662
gentamicin,gyrA_D87A,141,65.2,1.4787864304223284,6.219756356929285e-09,1.1534820880123402e-08
gentamicin,gyrA_D87G,34,91.2,3.701238299949101,1.5631686831229648e-09,2.934537527825934e-09
gentamicin,gyrA_D87N,803,54.2,1.1130528103468815,1.3356616113448659e-18,3.819742552070364e-18
gentamicin,gyrA_S83F,287,43.2,0.10882464533887398,0.5662662196006678,0.5814679973080683
gentamicin,gyrA_S83I,1283,52.4,1.403657417456244,1.0531885182936822e-30,4.355076845917118e-30
gentamicin,gyrA_S83Y,48,68.8,1.6338057644610426,0.00016120294809813434,0.00022120225165035476
gentamicin,mph(A),669,30.2,-0.9747858825433318,1.3902456315908995e-12,3.082718574397212e-12
gentamicin,mph(E),129,93.8,4.503623462271405,2.965579073502426e-38,1.4636567685350681e-37
gentamicin,mrx(A),669,30.2,-0.9747858825433318,1.3902456315908995e-12,3.082718574397212e-12
gentamicin,msr(E),129,93.8,4.503623462271405,2.965579073502426e-38,1.4636567685350681e-37
gentamicin,nfsB_K130QfsTer5,529,66.0,1.8617263789051894,1.6255168422572513e-37,7.895367519535222e-37
gentamicin,ompK35_E132K,52,15.4,-1.9333914161624206,5.2535658938007367e-05,7.512108240668343e-05
gentamicin,ompK35_E42RfsTer47,486,21.0,-1.7228391008774755,1.925821650624859e-26,7.0154931558477e-26
gentamicin,ompK35_G208VfsTer5,550,66.7,1.9471022518459957,8.838825476031785e-42,5.303295285619071e-41
gentamicin,ompK35_R60LfsTer31,50,86.0,3.0811671256071764,1.2623730953813252e-10,2.5247461907626504e-10
gentamicin,ompK36_D135DGD,372,73.7,2.3237479899593487,3.681972121040691e-42,2.253366938076903e-41
gentamicin,ompK36_T136TDT,47,59.6,1.0578398518940288,0.015947029288950143,0.018696517097389825
gentamicin,oqxA,2229,42.9,1.0993313470948414,4.9726885269292315e-06,7.608213446201724e-06
gentamicin,oqxA10,43,11.6,-2.3504869266758015,2.7705717065225357e-05,4.0564351301239035e-05
gentamicin,oqxA11,42,11.9,-2.311466782454279,4.5772403030031144e-05,6.606771380749779e-05
gentamicin,oqxB,1148,38.7,-0.331954712146624,0.00559528407983062,0.00684862771371268
gentamicin,oqxB14,28,39.3,-0.11821915958666641,0.8495376452055461,0.8523230145340889
gentamicin,oqxB19,807,56.8,1.3493617642681806,1.5713837059101642e-26,5.793294144680846e-26
gentamicin,oqxB25,139,18.0,-1.763027236852141,1.4346022440413359e-09,2.7098042387447457e-09
gentamicin,oqxB32,126,15.1,-2.0600784302246535,9.032080474723423e-11,1.8303421359373293e-10
gentamicin,oqxB5,38,18.4,-1.603278719271936,0.004150544482927176,0.005121236337805305
gentamicin,oqxR_D95E,95,4.2,-3.9472503470617806,2.173029767945852e-17,6.044973718103915e-17
gentamicin,oqxR_V113I,52,3.8,-3.896431243455165,4.964021040796918e-10,9.73711819540934e-10
gentamicin,parC_E84K,102,8.8,-2.895398974111906,1.24198149884246e-13,2.8151580640429094e-13
gentamicin,parC_S80I,1477,54.6,2.165077529800301,8.900176211785553e-62,1.1841104003505997e-60
gentamicin,qnrB1,439,70.2,2.10740856113986,1.2474560132581398e-40,7.068917408462792e-40
gentamicin,qnrB17,36,36.1,-0.31552351892223834,0.6100617603049711,0.624344142653248
gentamicin,qnrS1,121,72.7,1.9888407081440984,1.8675468376945553e-12,4.1112901606801005e-12
gentamicin,ramR_A19V,147,59.9,1.1325809724445683,5.736704384662562e-06,8.647446018259823e-06
gentamicin,rmtF1,31,96.8,4.877656875089027,5.424286205578952e-11,1.1139809254410465e-10
gentamicin,sat2,25,84.0,2.7718670652402153,1.6680960492562848e-05,2.454025918617419e-05
gentamicin,sul1,964,37.6,-0.40275497814906686,0.001005801597330127,0.001320923986193214
gentamicin,sul2,822,67.9,2.4395096844030535,2.2785265857448405e-79,5.810242793649343e-78
gentamicin,sul3,64,87.5,3.2964602561809007,1.5331678270282493e-14,3.60884119285111e-14
gentamicin,tet(A),523,54.3,0.9492282661825314,4.2631140836412825e-11,8.814276416177246e-11
gentamicin,tet(D),354,69.8,1.9858551895648868,6.918613202654508e-31,2.9001310137154514e-30
