genome_id,ceftriaxone,ciprofloxacin,gentamicin
1328381.3,,1.0,1.0
1328382.3,,0.0,0.0
1328383.3,,1.0,1.0
1328384.3,,0.0,0.0
1328385.3,,0.0,0.0
1328386.3,,1.0,0.0
1328387.3,,1.0,0.0
1328398.3,1.0,,
1328399.3,1.0,,
1328401.3,1.0,,
1328404.3,1.0,,
1328405.3,1.0,,
1328410.3,1.0,,
1328411.3,1.0,,
1328415.3,,,1.0
1438708.3,,1.0,0.0
1438709.3,,1.0,
1438711.3,,1.0,
1438712.3,,1.0,1.0
1438713.3,,1.0,
1438714.3,,1.0,
1438715.3,,1.0,0.0
1438717.3,,1.0,1.0
1438718.3,,1.0,
1438719.3,,1.0,
1438720.3,,1.0,1.0
1438722.3,,1.0,
1438723.3,,1.0,
1438724.3,,1.0,
1438725.3,,1.0,1.0
1438726.3,,1.0,
1438727.3,,1.0,0.0
1438728.3,,1.0,
1438729.3,,1.0,0.0
1438730.3,,1.0,1.0
1438731.3,,1.0,0.0
1438732.3,,1.0,
1438733.3,,1.0,
1438734.3,,1.0,1.0
1438735.3,,1.0,
1438736.3,,1.0,
1438737.3,,1.0,0.0
1438738.3,,1.0,1.0
1438739.3,,1.0,
1438740.3,,1.0,
1438741.3,,1.0,
1438742.3,,1.0,
1438743.3,,1.0,
1438744.3,,1.0,1.0
1438745.3,,1.0,
1438746.3,,1.0,
1438747.3,,1.0,1.0
1438748.3,,1.0,
1438749.3,,1.0,
1438750.3,,1.0,
1438751.3,,1.0,
1438752.3,,1.0,1.0
1438753.3,,1.0,
1438754.3,,1.0,1.0
1438755.3,,1.0,
1438756.3,,1.0,
1438757.3,,1.0,1.0
1438758.3,,1.0,
1438759.3,,1.0,
1438760.3,,1.0,
1438761.3,,1.0,
1438762.3,,1.0,
1438763.3,,1.0,
1438764.3,,1.0,
1438765.3,,1.0,
1438766.3,,1.0,1.0
1438767.3,,1.0,0.0
1438768.3,,1.0,
1438769.3,,1.0,
1438770.3,,1.0,
1438771.3,,1.0,
1438772.3,,1.0,
1438773.3,,1.0,
1438774.3,,1.0,1.0
1438775.3,,1.0,1.0
1438776.3,,1.0,
1438777.3,,1.0,
1438778.3,,1.0,0.0
1438779.3,,1.0,1.0
1438780.3,,1.0,0.0
1438781.3,,1.0,
573.12771,1.0,0.0,0.0
573.12772,1.0,1.0,1.0
573.12773,1.0,1.0,1.0
573.12777,1.0,1.0,1.0
573.12778,1.0,1.0,1.0
573.12779,1.0,1.0,1.0
573.12780,1.0,1.0,0.0
573.12781,1.0,1.0,0.0
573.12782,1.0,1.0,1.0
573.12783,1.0,1.0,1.0
573.12796,1.0,1.0,1.0
573.12858,1.0,1.0,1.0
573.12859,1.0,0.0,0.0
573.12860,1.0,1.0,0.0
573.12861,0.0,0.0,0.0
573.12862,1.0,1.0,0.0
573.12863,0.0,0.0,0.0
573.12864,1.0,1.0,
573.12865,0.0,0.0,0.0
573.12867,1.0,1.0,0.0
573.12868,0.0,0.0,0.0
573.12869,1.0,1.0,0.0
573.12870,1.0,1.0,0.0
573.12871,0.0,0.0,0.0
573.12872,0.0,0.0,0.0
573.12873,0.0,0.0,0.0
573.12874,1.0,1.0,0.0
573.12875,0.0,0.0,0.0
573.12876,1.0,1.0,0.0
573.12877,1.0,1.0,1.0
573.12878,1.0,1.0,0.0
573.12879,1.0,1.0,1.0
573.12880,1.0,1.0,1.0
573.12881,0.0,0.0,0.0
573.12882,0.0,0.0,0.0
573.12883,0.0,0.0,0.0
573.12884,1.0,1.0,
573.12885,0.0,0.0,0.0
573.12886,0.0,0.0,0.0
573.12887,1.0,1.0,1.0
573.12888,1.0,1.0,1.0
573.12889,0.0,0.0,0.0
573.12890,0.0,0.0,0.0
573.12891,1.0,1.0,1.0
573.12892,1.0,1.0,0.0
573.12893,1.0,1.0,1.0
573.12894,1.0,1.0,1.0
573.12896,1.0,1.0,
573.12897,1.0,1.0,0.0
573.12898,1.0,1.0,1.0
573.12899,1.0,,1.0
573.12900,0.0,0.0,0.0
573.12901,0.0,0.0,0.0
573.12902,0.0,0.0,0.0
573.12903,0.0,0.0,0.0
573.12904,0.0,0.0,0.0
573.12905,1.0,1.0,1.0
573.12906,0.0,0.0,0.0
573.12907,0.0,0.0,0.0
573.12908,0.0,0.0,0.0
573.12909,1.0,1.0,0.0
573.12910,0.0,0.0,0.0
573.12912,0.0,0.0,0.0
573.12913,1.0,1.0,0.0
573.12914,1.0,1.0,1.0
573.12915,1.0,0.0,0.0
573.12916,,1.0,
573.12917,0.0,0.0,0.0
573.12918,1.0,1.0,0.0
573.12919,1.0,1.0,1.0
573.12920,1.0,1.0,0.0
573.12921,0.0,0.0,0.0
573.12922,0.0,0.0,0.0
573.12923,0.0,0.0,0.0
573.12924,1.0,,
573.12925,0.0,0.0,0.0
573.12926,0.0,0.0,0.0
573.12927,0.0,0.0,0.0
573.12928,0.0,0.0,0.0
573.12930,0.0,1.0,0.0
573.12931,1.0,1.0,1.0
573.12932,1.0,1.0,1.0
573.12933,0.0,0.0,0.0
573.12934,0.0,0.0,0.0
573.12935,0.0,0.0,0.0
573.12936,1.0,1.0,0.0
573.12937,0.0,0.0,0.0
573.12938,1.0,1.0,1.0
573.12939,0.0,0.0,0.0
573.12940,0.0,0.0,0.0
573.12941,0.0,0.0,0.0
573.12942,1.0,1.0,
573.12943,0.0,0.0,0.0
573.12944,1.0,1.0,1.0
573.12945,1.0,1.0,
573.12946,0.0,0.0,0.0
573.12947,1.0,1.0,1.0
573.12948,1.0,1.0,0.0
573.12949,1.0,1.0,1.0
573.12950,0.0,0.0,0.0
573.12951,0.0,0.0,0.0
573.12952,1.0,1.0,1.0
573.12953,1.0,1.0,0.0
573.12954,1.0,0.0,0.0
573.12955,0.0,0.0,0.0
573.12956,1.0,1.0,1.0
573.12957,1.0,1.0,0.0
573.12958,1.0,1.0,0.0
573.12959,1.0,0.0,1.0
573.12960,0.0,0.0,0.0
573.12961,0.0,0.0,0.0
573.12962,0.0,0.0,0.0
573.12963,0.0,0.0,0.0
573.12964,1.0,1.0,
573.12965,0.0,0.0,0.0
573.12966,1.0,1.0,0.0
573.12967,0.0,0.0,0.0
573.12968,0.0,0.0,0.0
573.12969,1.0,1.0,1.0
573.12970,1.0,1.0,0.0
573.12971,1.0,1.0,1.0
573.12972,1.0,1.0,1.0
573.12973,1.0,1.0,1.0
573.12974,1.0,,0.0
573.12975,1.0,1.0,1.0
573.12976,1.0,1.0,0.0
573.12977,1.0,1.0,1.0
573.12978,0.0,1.0,0.0
573.12979,1.0,0.0,0.0
573.12980,0.0,0.0,0.0
573.12981,1.0,1.0,1.0
573.12982,1.0,1.0,0.0
573.12983,0.0,0.0,0.0
573.12984,0.0,0.0,0.0
573.12985,0.0,0.0,0.0
573.12986,0.0,0.0,0.0
573.12987,1.0,1.0,1.0
573.12988,1.0,0.0,0.0
573.12989,0.0,0.0,0.0
573.12990,1.0,1.0,0.0
573.12991,0.0,0.0,0.0
573.12992,1.0,1.0,1.0
573.12993,0.0,0.0,0.0
573.12994,1.0,1.0,1.0
573.12995,0.0,0.0,0.0
573.12996,0.0,0.0,0.0
573.12997,0.0,0.0,0.0
573.12998,0.0,0.0,0.0
573.12999,1.0,1.0,1.0
573.13000,0.0,0.0,0.0
573.13001,1.0,1.0,1.0
573.13002,0.0,0.0,0.0
573.13003,0.0,0.0,0.0
573.13004,0.0,0.0,0.0
573.13005,0.0,0.0,0.0
573.13006,0.0,0.0,0.0
573.13007,1.0,1.0,0.0
573.13008,1.0,1.0,1.0
573.13009,0.0,0.0,0.0
573.13010,1.0,1.0,0.0
573.13011,1.0,1.0,0.0
573.13013,0.0,0.0,0.0
573.13014,1.0,1.0,1.0
573.13015,0.0,0.0,0.0
573.13016,1.0,1.0,1.0
573.13017,1.0,0.0,0.0
573.13018,1.0,1.0,0.0
573.13019,1.0,1.0,0.0
573.13020,0.0,0.0,0.0
573.13021,1.0,0.0,0.0
573.13022,0.0,0.0,0.0
573.13023,1.0,1.0,0.0
573.13024,1.0,1.0,1.0
573.13025,1.0,1.0,1.0
573.13026,0.0,0.0,0.0
573.13027,0.0,0.0,0.0
573.13028,1.0,1.0,1.0
573.13029,0.0,0.0,0.0
573.13031,1.0,1.0,1.0
573.13032,1.0,,1.0
573.13033,1.0,1.0,1.0
573.13034,1.0,1.0,0.0
573.13035,1.0,1.0,1.0
573.13036,1.0,1.0,1.0
573.13037,1.0,1.0,1.0
573.13038,1.0,,1.0
573.13039,1.0,1.0,0.0
573.13040,1.0,1.0,0.0
573.13041,,1.0,
573.13042,1.0,1.0,0.0
573.13043,1.0,1.0,1.0
573.13044,,1.0,
573.13045,,1.0,0.0
573.13046,1.0,0.0,0.0
573.13047,1.0,1.0,0.0
573.13048,1.0,1.0,1.0
573.13049,1.0,1.0,1.0
573.13050,1.0,0.0,0.0
573.13051,1.0,1.0,0.0
573.13052,1.0,1.0,0.0
573.13053,1.0,1.0,0.0
573.13054,1.0,1.0,1.0
573.13055,1.0,1.0,1.0
573.13056,1.0,1.0,1.0
573.13057,,0.0,0.0
573.13058,1.0,,
573.13059,1.0,1.0,0.0
573.13060,1.0,1.0,1.0
573.13061,1.0,1.0,1.0
573.13062,1.0,1.0,1.0
573.13063,1.0,1.0,0.0
573.13064,1.0,1.0,0.0
573.13065,1.0,1.0,0.0
573.13066,1.0,1.0,0.0
573.13067,1.0,1.0,0.0
573.13068,1.0,1.0,0.0
573.13069,1.0,1.0,1.0
573.13070,1.0,1.0,0.0
573.13071,1.0,1.0,0.0
573.13072,1.0,1.0,1.0
573.13073,1.0,1.0,1.0
573.13074,1.0,0.0,1.0
573.13075,1.0,1.0,1.0
573.13076,1.0,1.0,0.0
573.13077,1.0,1.0,
573.13079,1.0,1.0,0.0
573.13080,1.0,1.0,1.0
573.13081,1.0,0.0,0.0
573.13082,1.0,1.0,1.0
573.13083,1.0,1.0,0.0
573.13084,1.0,1.0,0.0
573.13085,1.0,1.0,0.0
573.13086,1.0,1.0,0.0
573.13087,1.0,1.0,1.0
573.13088,1.0,1.0,0.0
573.13089,1.0,1.0,0.0
573.13090,1.0,1.0,1.0
573.13091,1.0,1.0,1.0
573.13092,1.0,1.0,1.0
573.13093,1.0,1.0,0.0
573.13094,1.0,1.0,1.0
573.13095,1.0,1.0,1.0
573.13096,1.0,1.0,0.0
573.13097,1.0,1.0,0.0
573.13098,1.0,1.0,0.0
573.13099,1.0,1.0,0.0
573.13100,1.0,0.0,1.0
573.13101,1.0,1.0,0.0
573.13102,1.0,0.0,0.0
573.13103,1.0,0.0,1.0
573.13104,1.0,0.0,0.0
573.13105,1.0,1.0,0.0
573.13106,1.0,1.0,0.0
573.13107,1.0,1.0,1.0
573.13108,1.0,1.0,0.0
573.13109,1.0,1.0,1.0
573.13110,1.0,1.0,0.0
573.13111,1.0,1.0,1.0
573.13112,1.0,1.0,0.0
573.13113,1.0,1.0,0.0
573.13114,1.0,1.0,0.0
573.13115,1.0,1.0,1.0
573.13116,1.0,1.0,0.0
573.13117,1.0,1.0,1.0
573.13118,1.0,0.0,0.0
573.13119,1.0,1.0,0.0
573.13120,1.0,1.0,0.0
573.13121,1.0,1.0,1.0
573.13122,1.0,1.0,1.0
573.13123,1.0,0.0,0.0
573.13124,1.0,1.0,1.0
573.13125,1.0,1.0,0.0
573.13126,1.0,1.0,1.0
573.13127,1.0,1.0,0.0
573.13128,1.0,1.0,0.0
573.13129,1.0,0.0,0.0
573.13130,1.0,1.0,1.0
573.13131,1.0,1.0,1.0
573.13132,1.0,1.0,0.0
573.13133,1.0,,0.0
573.13134,1.0,0.0,1.0
573.13135,1.0,1.0,1.0
573.13136,1.0,1.0,0.0
573.13137,,0.0,0.0
573.13138,1.0,1.0,0.0
573.13139,1.0,1.0,1.0
573.13140,1.0,1.0,1.0
573.13141,,0.0,0.0
573.13142,1.0,1.0,1.0
573.13143,1.0,1.0,1.0
573.13144,1.0,1.0,0.0
573.13145,1.0,1.0,0.0
573.13146,1.0,0.0,0.0
573.13147,1.0,1.0,0.0
573.13148,1.0,1.0,0.0
573.13149,1.0,1.0,0.0
573.13150,1.0,1.0,1.0
573.13151,1.0,1.0,1.0
573.13152,1.0,1.0,0.0
573.13153,1.0,1.0,0.0
573.13156,1.0,1.0,0.0
573.13157,1.0,1.0,0.0
573.13158,1.0,1.0,0.0
573.13159,1.0,1.0,1.0
573.13160,1.0,1.0,1.0
573.13161,1.0,1.0,0.0
573.13162,1.0,1.0,1.0
573.13163,1.0,1.0,0.0
573.13164,1.0,1.0,1.0
573.13165,1.0,1.0,1.0
573.13166,1.0,1.0,0.0
573.13167,1.0,1.0,1.0
573.13168,1.0,1.0,0.0
573.13169,1.0,1.0,0.0
573.13170,1.0,1.0,0.0
573.13171,1.0,1.0,1.0
573.13172,1.0,1.0,0.0
573.13173,1.0,1.0,1.0
573.13174,1.0,1.0,0.0
573.13175,1.0,1.0,0.0
573.13176,1.0,1.0,0.0
573.13177,1.0,1.0,0.0
573.13178,1.0,1.0,1.0
573.13179,1.0,1.0,0.0
573.13180,1.0,1.0,1.0
573.13181,1.0,1.0,1.0
573.13182,1.0,1.0,0.0
573.13183,1.0,1.0,1.0
573.13185,1.0,1.0,0.0
573.13186,1.0,1.0,0.0
573.13187,1.0,1.0,1.0
573.13189,1.0,1.0,0.0
573.13190,1.0,1.0,0.0
573.13191,1.0,1.0,0.0
573.13192,1.0,1.0,1.0
573.13193,1.0,1.0,0.0
573.13194,1.0,1.0,1.0
573.13195,1.0,1.0,1.0
573.13196,1.0,1.0,1.0
573.13197,1.0,1.0,0.0
573.13198,1.0,0.0,0.0
573.13199,1.0,0.0,0.0
573.13200,1.0,1.0,1.0
573.13201,1.0,1.0,0.0
573.13202,1.0,1.0,1.0
573.13203,1.0,,1.0
573.13204,1.0,1.0,1.0
573.13205,1.0,1.0,
573.13206,1.0,1.0,
573.13207,1.0,1.0,
573.13208,1.0,1.0,
573.13209,1.0,1.0,0.0
573.13210,1.0,1.0,0.0
573.13211,1.0,1.0,0.0
573.13212,1.0,1.0,1.0
573.13213,1.0,1.0,0.0
573.13214,1.0,1.0,1.0
573.13215,1.0,1.0,1.0
573.13216,1.0,1.0,1.0
573.13217,1.0,1.0,
573.13218,1.0,1.0,1.0
573.13219,1.0,1.0,0.0
573.13220,1.0,1.0,1.0
573.13221,1.0,1.0,0.0
573.13222,1.0,1.0,1.0
573.13223,1.0,1.0,1.0
573.13224,1.0,1.0,0.0
573.13225,1.0,1.0,1.0
573.13226,1.0,1.0,1.0
573.13227,1.0,1.0,1.0
573.13228,1.0,1.0,0.0
573.13229,1.0,,0.0
573.13230,1.0,1.0,0.0
573.13231,1.0,1.0,0.0
573.13232,1.0,1.0,0.0
573.13233,1.0,1.0,0.0
573.13234,1.0,1.0,
573.13235,1.0,1.0,0.0
573.13236,1.0,1.0,0.0
573.13237,1.0,1.0,0.0
573.13238,1.0,1.0,0.0
573.13239,1.0,1.0,1.0
573.13240,1.0,1.0,0.0
573.13241,1.0,,0.0
573.13242,1.0,1.0,0.0
573.13243,1.0,1.0,
573.13244,1.0,1.0,0.0
573.13245,1.0,1.0,
573.13246,1.0,1.0,1.0
573.13247,1.0,1.0,0.0
573.13248,1.0,1.0,1.0
573.13249,1.0,1.0,0.0
573.13250,1.0,1.0,1.0
573.13251,1.0,1.0,1.0
573.13252,1.0,1.0,1.0
573.13253,1.0,1.0,0.0
573.13254,1.0,1.0,1.0
573.13255,1.0,1.0,1.0
573.13256,1.0,1.0,1.0
573.13257,1.0,1.0,1.0
573.13258,1.0,1.0,1.0
573.13259,1.0,1.0,1.0
573.13260,,1.0,0.0
573.13261,1.0,1.0,0.0
573.13262,1.0,1.0,1.0
573.13263,1.0,1.0,1.0
573.13264,1.0,1.0,0.0
573.13265,1.0,1.0,1.0
573.13266,1.0,1.0,0.0
573.13267,1.0,1.0,1.0
573.13268,1.0,1.0,1.0
573.13269,1.0,1.0,1.0
573.13270,1.0,1.0,1.0
573.13271,1.0,1.0,0.0
573.13272,1.0,1.0,1.0
573.13273,1.0,1.0,0.0
573.13274,1.0,1.0,0.0
573.13275,1.0,0.0,0.0
573.13276,1.0,1.0,1.0
573.13277,1.0,0.0,0.0
573.13278,1.0,1.0,0.0
573.13279,1.0,0.0,1.0
573.13280,1.0,1.0,1.0
573.13281,1.0,1.0,0.0
573.13282,1.0,1.0,0.0
573.13283,1.0,1.0,1.0
573.13284,1.0,1.0,1.0
573.13285,1.0,1.0,1.0
573.13286,1.0,0.0,1.0
573.13287,1.0,1.0,1.0
573.13288,1.0,1.0,0.0
573.13289,1.0,1.0,0.0
573.13290,1.0,1.0,1.0
573.13291,1.0,1.0,1.0
573.13292,1.0,1.0,0.0
573.13293,1.0,1.0,0.0
573.13294,1.0,1.0,0.0
573.13295,1.0,1.0,1.0
573.13296,,1.0,
573.13297,,1.0,
573.13298,1.0,1.0,1.0
573.13299,1.0,1.0,1.0
573.13300,1.0,1.0,0.0
573.13301,1.0,1.0,1.0
573.13302,1.0,1.0,0.0
573.13303,1.0,1.0,1.0
573.13304,1.0,1.0,1.0
573.13305,1.0,1.0,1.0
573.13306,1.0,1.0,1.0
573.13307,1.0,1.0,1.0
573.13308,1.0,1.0,1.0
573.13309,1.0,1.0,0.0
573.13310,1.0,1.0,0.0
573.13311,1.0,1.0,1.0
573.13312,1.0,1.0,1.0
573.13313,1.0,1.0,1.0
573.13314,1.0,1.0,1.0
573.13315,1.0,1.0,1.0
573.13316,1.0,1.0,1.0
573.13317,1.0,1.0,0.0
573.13318,1.0,1.0,1.0
573.13319,1.0,1.0,1.0
573.13321,,1.0,0.0
573.13322,1.0,1.0,0.0
573.13323,1.0,1.0,0.0
573.13324,1.0,1.0,0.0
573.13325,1.0,0.0,0.0
573.13326,1.0,1.0,0.0
573.13327,1.0,1.0,0.0
573.13328,1.0,1.0,1.0
573.13329,1.0,1.0,0.0
573.13330,1.0,1.0,0.0
573.13331,1.0,1.0,1.0
573.13332,1.0,,1.0
573.13333,1.0,1.0,0.0
573.13334,1.0,1.0,0.0
573.13335,1.0,1.0,1.0
573.13336,1.0,1.0,0.0
573.13338,1.0,1.0,1.0
573.13340,1.0,1.0,1.0
573.13341,1.0,1.0,0.0
573.13342,1.0,1.0,1.0
573.13343,1.0,1.0,0.0
573.13344,1.0,1.0,0.0
573.13345,1.0,1.0,1.0
573.13346,1.0,0.0,0.0
573.13347,1.0,1.0,0.0
573.13348,1.0,1.0,1.0
573.13349,1.0,1.0,1.0
573.13350,1.0,1.0,1.0
573.13351,1.0,1.0,0.0
573.13352,1.0,1.0,0.0
573.13353,1.0,1.0,0.0
573.13354,1.0,1.0,0.0
573.13355,1.0,1.0,1.0
573.13356,1.0,1.0,1.0
573.13357,1.0,1.0,1.0
573.13358,1.0,0.0,0.0
573.13359,1.0,,0.0
573.13360,1.0,1.0,1.0
573.13361,1.0,1.0,0.0
573.13362,1.0,1.0,0.0
573.13363,1.0,1.0,1.0
573.13364,1.0,1.0,1.0
573.13365,1.0,1.0,0.0
573.13366,1.0,0.0,1.0
573.13367,1.0,1.0,1.0
573.13368,1.0,1.0,0.0
573.13369,1.0,1.0,1.0
573.13370,1.0,0.0,0.0
573.13371,1.0,1.0,1.0
573.13372,1.0,1.0,0.0
573.13373,1.0,1.0,1.0
573.13374,1.0,1.0,1.0
573.13375,1.0,1.0,1.0
573.13376,1.0,1.0,0.0
573.13377,1.0,1.0,1.0
573.13378,1.0,1.0,0.0
573.13379,1.0,1.0,0.0
573.13380,1.0,1.0,1.0
573.13381,1.0,1.0,1.0
573.13382,1.0,1.0,0.0
573.13383,1.0,,0.0
573.13384,1.0,1.0,1.0
573.13385,1.0,1.0,1.0
573.13386,1.0,1.0,0.0
573.13387,1.0,1.0,1.0
573.13388,1.0,1.0,0.0
573.13389,1.0,1.0,0.0
573.13390,1.0,1.0,1.0
573.13391,1.0,1.0,0.0
573.13392,1.0,1.0,1.0
573.13393,1.0,1.0,1.0
573.13394,1.0,1.0,1.0
573.13395,1.0,1.0,0.0
573.13396,1.0,1.0,0.0
573.13397,1.0,1.0,0.0
573.13398,1.0,1.0,1.0
573.13399,1.0,1.0,0.0
573.13400,1.0,1.0,1.0
573.13401,,0.0,0.0
573.13402,1.0,1.0,0.0
573.13403,1.0,0.0,0.0
573.13404,1.0,1.0,0.0
573.13405,1.0,1.0,0.0
573.13406,1.0,1.0,0.0
573.13407,1.0,1.0,1.0
573.13408,,0.0,0.0
573.13409,1.0,,0.0
573.13411,1.0,0.0,0.0
573.13412,1.0,1.0,0.0
573.13413,1.0,1.0,1.0
573.13414,1.0,1.0,1.0
573.13415,1.0,1.0,0.0
573.13416,1.0,1.0,1.0
573.13417,1.0,1.0,1.0
573.13418,1.0,1.0,1.0
573.13419,1.0,1.0,0.0
573.13420,1.0,1.0,1.0
573.13422,1.0,0.0,0.0
573.13424,1.0,1.0,0.0
573.13425,1.0,1.0,0.0
573.13426,1.0,1.0,
573.13427,1.0,1.0,1.0
573.13428,1.0,1.0,0.0
573.13429,1.0,1.0,1.0
573.13430,1.0,1.0,0.0
573.13431,1.0,1.0,0.0
573.13432,1.0,1.0,1.0
573.13433,1.0,1.0,
573.13434,1.0,1.0,1.0
573.13435,1.0,1.0,1.0
573.13436,1.0,1.0,0.0
573.13437,1.0,1.0,0.0
573.13438,1.0,1.0,1.0
573.13440,1.0,1.0,0.0
573.13441,1.0,1.0,1.0
573.13442,1.0,,0.0
573.13443,1.0,,1.0
573.13444,1.0,1.0,0.0
573.13445,1.0,1.0,0.0
573.13446,1.0,1.0,1.0
573.13447,1.0,1.0,0.0
573.13448,1.0,1.0,0.0
573.13449,1.0,1.0,
573.13450,1.0,1.0,0.0
573.13451,1.0,1.0,0.0
573.13452,1.0,1.0,1.0
573.13453,1.0,1.0,0.0
573.13454,1.0,1.0,0.0
573.13455,1.0,1.0,0.0
573.13456,,0.0,0.0
573.13457,1.0,1.0,0.0
573.13458,1.0,1.0,1.0
573.13459,1.0,1.0,1.0
573.13460,1.0,1.0,0.0
573.13461,1.0,1.0,0.0
573.13462,1.0,1.0,1.0
573.13463,1.0,1.0,1.0
573.13464,1.0,1.0,0.0
573.13465,1.0,1.0,0.0
573.13466,,1.0,1.0
573.13467,1.0,1.0,1.0
573.13468,1.0,1.0,0.0
573.13469,1.0,1.0,1.0
573.13470,1.0,1.0,0.0
573.13471,1.0,1.0,1.0
573.13472,1.0,1.0,1.0
573.13473,1.0,1.0,1.0
573.13474,,1.0,1.0
573.13475,1.0,1.0,0.0
573.13476,,1.0,1.0
573.13477,1.0,1.0,0.0
573.13478,1.0,1.0,0.0
573.13479,1.0,1.0,0.0
573.13480,1.0,0.0,0.0
573.13481,1.0,1.0,1.0
573.13482,1.0,1.0,1.0
573.13483,1.0,1.0,1.0
573.13484,1.0,,0.0
573.13485,1.0,1.0,
573.13486,1.0,1.0,0.0
573.13487,1.0,1.0,0.0
573.13488,1.0,1.0,0.0
573.13489,1.0,1.0,0.0
573.13490,1.0,1.0,0.0
573.13491,1.0,1.0,0.0
573.13492,1.0,1.0,
573.13493,1.0,1.0,1.0
573.13494,1.0,1.0,0.0
573.13495,1.0,1.0,1.0
573.13496,1.0,1.0,1.0
573.13497,1.0,1.0,1.0
573.13498,1.0,0.0,0.0
573.13499,1.0,1.0,1.0
573.13500,1.0,1.0,0.0
573.13501,1.0,0.0,0.0
573.13502,1.0,1.0,0.0
573.13503,1.0,1.0,0.0
573.13504,1.0,1.0,0.0
573.13505,1.0,1.0,1.0
573.13506,1.0,1.0,0.0
573.13507,1.0,1.0,0.0
573.13508,,0.0,0.0
573.13509,1.0,1.0,0.0
573.13510,1.0,1.0,0.0
573.13511,,0.0,0.0
573.13512,1.0,1.0,1.0
573.13513,1.0,1.0,1.0
573.13514,1.0,0.0,0.0
573.13515,,1.0,1.0
573.13516,1.0,1.0,0.0
573.13517,1.0,1.0,1.0
573.13518,1.0,1.0,0.0
573.13519,1.0,1.0,1.0
573.13520,1.0,1.0,1.0
573.13521,1.0,0.0,0.0
573.13522,1.0,1.0,1.0
573.13523,1.0,1.0,0.0
573.13524,1.0,1.0,0.0
573.13525,1.0,1.0,0.0
573.13526,1.0,1.0,
573.13527,1.0,0.0,1.0
573.13528,1.0,1.0,0.0
573.13529,1.0,1.0,0.0
573.13530,1.0,1.0,1.0
573.13531,1.0,1.0,0.0
573.13532,1.0,1.0,1.0
573.13533,1.0,1.0,1.0
573.13534,1.0,1.0,0.0
573.13535,1.0,1.0,0.0
573.13537,1.0,1.0,1.0
573.13538,1.0,1.0,1.0
573.13539,1.0,1.0,1.0
573.13540,1.0,1.0,1.0
573.13541,1.0,1.0,0.0
573.13542,1.0,1.0,1.0
573.13543,1.0,1.0,0.0
573.13544,1.0,1.0,1.0
573.13545,1.0,1.0,1.0
573.13546,1.0,1.0,0.0
573.13547,1.0,1.0,0.0
573.13548,1.0,1.0,1.0
573.13549,,1.0,1.0
573.13550,1.0,1.0,0.0
573.13551,1.0,1.0,0.0
573.13552,1.0,1.0,1.0
573.13553,1.0,1.0,
573.13554,1.0,,1.0
573.13555,1.0,1.0,1.0
573.13556,1.0,0.0,1.0
573.13557,1.0,1.0,1.0
573.13558,1.0,1.0,1.0
573.13559,1.0,1.0,0.0
573.13560,1.0,1.0,1.0
573.13561,1.0,1.0,1.0
573.13562,1.0,1.0,1.0
573.13563,1.0,1.0,0.0
573.13564,1.0,1.0,1.0
573.13565,1.0,1.0,0.0
573.13566,1.0,1.0,
573.13567,,1.0,1.0
573.13568,1.0,1.0,1.0
573.13569,1.0,1.0,1.0
573.13570,,,0.0
573.13571,1.0,1.0,0.0
573.13572,1.0,1.0,1.0
573.13573,1.0,1.0,0.0
573.13574,1.0,1.0,1.0
573.13575,1.0,1.0,1.0
573.13576,,0.0,0.0
573.13577,1.0,1.0,0.0
573.13578,1.0,1.0,0.0
573.13579,1.0,1.0,1.0
573.13580,1.0,1.0,0.0
573.13581,1.0,1.0,1.0
573.13582,1.0,1.0,1.0
573.13583,1.0,1.0,0.0
573.13584,1.0,1.0,1.0
573.13585,1.0,1.0,0.0
573.13586,1.0,1.0,1.0
573.13587,1.0,1.0,0.0
573.13588,1.0,1.0,1.0
573.13589,1.0,1.0,1.0
573.13590,1.0,1.0,1.0
573.13591,1.0,0.0,0.0
573.13592,1.0,1.0,
573.13593,1.0,1.0,0.0
573.13594,1.0,1.0,1.0
573.13595,1.0,1.0,0.0
573.13596,1.0,1.0,0.0
573.13597,1.0,1.0,0.0
573.13598,1.0,1.0,0.0
573.13599,1.0,1.0,1.0
573.13600,1.0,1.0,0.0
573.13601,1.0,1.0,0.0
573.13602,1.0,1.0,0.0
573.13603,1.0,1.0,0.0
573.13604,1.0,1.0,1.0
573.13605,1.0,1.0,
573.13606,1.0,1.0,0.0
573.13607,1.0,1.0,0.0
573.13608,,0.0,
573.13609,1.0,1.0,1.0
573.13610,1.0,1.0,1.0
573.13611,1.0,1.0,1.0
573.13612,1.0,1.0,0.0
573.13613,1.0,1.0,1.0
573.13614,1.0,0.0,0.0
573.13615,1.0,1.0,1.0
573.13616,1.0,1.0,0.0
573.13617,1.0,1.0,0.0
573.13618,1.0,,0.0
573.13619,1.0,1.0,0.0
573.13620,1.0,1.0,1.0
573.13621,1.0,1.0,1.0
573.13622,1.0,1.0,0.0
573.13623,1.0,1.0,0.0
573.13624,1.0,1.0,0.0
573.13625,1.0,1.0,0.0
573.13626,1.0,1.0,0.0
573.13627,1.0,0.0,0.0
573.13628,1.0,1.0,0.0
573.13629,1.0,1.0,0.0
573.13630,1.0,1.0,0.0
573.13631,1.0,1.0,0.0
573.13632,1.0,1.0,0.0
573.13633,1.0,1.0,1.0
573.13634,1.0,1.0,0.0
573.13635,1.0,1.0,
573.13636,1.0,1.0,0.0
573.13637,1.0,0.0,0.0
573.13638,1.0,1.0,1.0
573.13639,1.0,0.0,0.0
573.13640,1.0,1.0,1.0
573.13641,1.0,1.0,0.0
573.13642,1.0,0.0,0.0
573.13643,1.0,1.0,0.0
573.13644,1.0,1.0,0.0
573.13645,1.0,1.0,0.0
573.13646,1.0,1.0,0.0
573.13647,1.0,1.0,0.0
573.13648,1.0,1.0,0.0
573.13649,1.0,1.0,0.0
573.13650,1.0,1.0,1.0
573.13651,1.0,0.0,0.0
573.13652,1.0,1.0,
573.13653,1.0,1.0,0.0
573.13654,1.0,1.0,0.0
573.13655,1.0,1.0,0.0
573.13656,1.0,1.0,0.0
573.13657,1.0,1.0,0.0
573.13658,1.0,1.0,
573.13659,1.0,1.0,0.0
573.13660,1.0,0.0,0.0
573.13661,1.0,1.0,1.0
573.13662,1.0,0.0,1.0
573.13663,,0.0,0.0
573.13664,,0.0,0.0
573.13665,1.0,1.0,1.0
573.13666,1.0,1.0,0.0
573.13667,1.0,1.0,0.0
573.13668,1.0,1.0,1.0
573.13669,1.0,1.0,1.0
573.13670,1.0,1.0,0.0
573.13671,1.0,0.0,0.0
573.13672,1.0,0.0,0.0
573.13673,1.0,1.0,1.0
573.13674,1.0,1.0,1.0
573.13675,1.0,1.0,1.0
573.13676,1.0,1.0,0.0
573.13677,1.0,1.0,0.0
573.13678,1.0,1.0,1.0
573.13679,1.0,1.0,0.0
573.13680,1.0,1.0,0.0
573.13681,1.0,1.0,1.0
573.13682,1.0,1.0,0.0
573.13683,1.0,1.0,0.0
573.13684,1.0,1.0,0.0
573.13685,1.0,1.0,1.0
573.13686,1.0,1.0,1.0
573.13687,1.0,1.0,0.0
573.13688,1.0,1.0,1.0
573.13689,1.0,1.0,0.0
573.13690,1.0,1.0,0.0
573.13691,1.0,1.0,0.0
573.13692,1.0,1.0,0.0
573.13693,1.0,1.0,
573.13694,1.0,1.0,0.0
573.13695,1.0,1.0,0.0
573.13696,1.0,1.0,0.0
573.13697,1.0,1.0,1.0
573.13698,1.0,1.0,0.0
573.13699,1.0,1.0,0.0
573.13700,1.0,1.0,0.0
573.13701,1.0,0.0,0.0
573.13702,1.0,1.0,0.0
573.13703,1.0,,0.0
573.13704,1.0,1.0,
573.13705,1.0,0.0,0.0
573.13706,1.0,1.0,1.0
573.13707,1.0,1.0,1.0
573.13708,1.0,1.0,1.0
573.13709,1.0,1.0,1.0
573.13710,1.0,1.0,1.0
573.13711,1.0,1.0,1.0
573.13712,1.0,1.0,1.0
573.13713,1.0,1.0,0.0
573.13714,1.0,1.0,1.0
573.13715,1.0,1.0,0.0
573.13716,1.0,1.0,1.0
573.13717,1.0,1.0,0.0
573.13718,1.0,1.0,1.0
573.13719,1.0,0.0,1.0
573.13720,1.0,1.0,0.0
573.13721,1.0,1.0,0.0
573.13722,1.0,1.0,0.0
573.13723,1.0,1.0,0.0
573.13724,1.0,1.0,0.0
573.13725,1.0,1.0,0.0
573.13726,1.0,0.0,1.0
573.13727,1.0,1.0,0.0
573.13728,1.0,1.0,0.0
573.13729,1.0,1.0,0.0
573.13730,1.0,0.0,1.0
573.13731,1.0,1.0,1.0
573.13732,1.0,0.0,0.0
573.13733,1.0,1.0,0.0
573.13734,1.0,1.0,1.0
573.13735,1.0,,0.0
573.13736,,1.0,0.0
573.13737,1.0,1.0,0.0
573.13738,1.0,1.0,1.0
573.13739,,0.0,0.0
573.13740,1.0,1.0,0.0
573.13741,1.0,1.0,1.0
573.13742,1.0,1.0,0.0
573.13743,1.0,1.0,0.0
573.13744,1.0,1.0,0.0
573.13745,1.0,0.0,1.0
573.13746,1.0,1.0,0.0
573.13747,1.0,1.0,1.0
573.13748,1.0,0.0,0.0
573.13749,1.0,1.0,0.0
573.13750,1.0,1.0,1.0
573.13751,1.0,1.0,0.0
573.13752,1.0,0.0,0.0
573.13753,1.0,1.0,1.0
573.13754,,1.0,0.0
573.13755,1.0,1.0,1.0
573.13756,1.0,1.0,0.0
573.13757,1.0,1.0,1.0
573.13758,1.0,1.0,0.0
573.13759,1.0,1.0,0.0
573.13760,1.0,1.0,1.0
573.13761,1.0,1.0,1.0
573.13762,1.0,1.0,0.0
573.13763,,0.0,0.0
573.13764,1.0,,0.0
573.13765,1.0,1.0,0.0
573.13766,1.0,1.0,1.0
573.13767,1.0,,0.0
573.13768,1.0,1.0,0.0
573.13769,1.0,1.0,0.0
573.13770,1.0,1.0,0.0
573.13771,1.0,1.0,0.0
573.13772,1.0,1.0,0.0
573.13773,1.0,1.0,0.0
573.13774,1.0,1.0,1.0
573.13775,1.0,1.0,0.0
573.13777,1.0,1.0,1.0
573.13778,1.0,1.0,0.0
573.13779,1.0,1.0,0.0
573.13780,1.0,1.0,1.0
573.13781,1.0,1.0,0.0
573.13782,1.0,1.0,0.0
573.13783,1.0,1.0,0.0
573.13784,1.0,1.0,0.0
573.13785,1.0,1.0,0.0
573.13786,1.0,1.0,0.0
573.13787,1.0,1.0,0.0
573.13788,1.0,1.0,0.0
573.13789,1.0,1.0,1.0
573.13790,1.0,1.0,0.0
573.13791,1.0,1.0,1.0
573.13792,1.0,1.0,1.0
573.13793,1.0,1.0,0.0
573.13794,1.0,1.0,0.0
573.13795,1.0,1.0,
573.13796,1.0,1.0,0.0
573.13797,1.0,1.0,0.0
573.13798,1.0,1.0,0.0
573.13799,1.0,1.0,1.0
573.13800,1.0,1.0,0.0
573.13801,1.0,0.0,1.0
573.13802,1.0,1.0,0.0
573.13803,1.0,1.0,0.0
573.13804,1.0,1.0,1.0
573.13805,1.0,1.0,0.0
573.13806,1.0,1.0,0.0
573.13807,1.0,1.0,1.0
573.13808,1.0,1.0,0.0
573.13809,1.0,1.0,1.0
573.13810,1.0,1.0,1.0
573.13811,1.0,1.0,1.0
573.13812,1.0,1.0,1.0
573.13813,1.0,1.0,1.0
573.13814,1.0,1.0,1.0
573.13815,1.0,1.0,0.0
573.13816,1.0,1.0,1.0
573.13817,1.0,1.0,0.0
573.13818,1.0,1.0,0.0
573.13819,1.0,1.0,1.0
573.13820,1.0,1.0,0.0
573.13821,1.0,1.0,0.0
573.13822,1.0,1.0,0.0
573.13823,1.0,1.0,0.0
573.13824,1.0,1.0,0.0
573.13825,1.0,1.0,0.0
573.13826,1.0,1.0,1.0
573.13827,1.0,1.0,1.0
573.13828,1.0,1.0,1.0
573.13829,1.0,1.0,0.0
573.13830,1.0,1.0,1.0
573.13831,1.0,1.0,1.0
573.13832,1.0,1.0,0.0
573.13833,1.0,1.0,1.0
573.13834,,0.0,0.0
573.13835,1.0,,1.0
573.13836,1.0,1.0,1.0
573.13838,1.0,1.0,0.0
573.13839,1.0,1.0,0.0
573.13840,1.0,1.0,0.0
573.13841,1.0,1.0,1.0
573.13842,1.0,1.0,0.0
573.13843,1.0,,0.0
573.13844,,0.0,0.0
573.13845,,0.0,0.0
573.13846,1.0,1.0,0.0
573.13847,1.0,1.0,0.0
573.13848,1.0,1.0,0.0
573.13849,1.0,1.0,0.0
573.13850,1.0,1.0,0.0
573.13851,1.0,1.0,0.0
573.13852,1.0,1.0,0.0
573.13853,,0.0,0.0
573.13854,1.0,1.0,0.0
573.13855,1.0,1.0,1.0
573.13856,1.0,1.0,1.0
573.13857,1.0,1.0,0.0
573.13858,1.0,1.0,1.0
573.13859,1.0,1.0,1.0
573.13860,1.0,1.0,0.0
573.13861,1.0,1.0,0.0
573.13862,1.0,1.0,0.0
573.13863,1.0,1.0,1.0
573.13864,1.0,1.0,1.0
573.13865,1.0,1.0,0.0
573.13866,1.0,1.0,1.0
573.13867,1.0,1.0,0.0
573.13868,1.0,1.0,0.0
573.13869,1.0,1.0,1.0
573.13870,1.0,0.0,0.0
573.13871,1.0,1.0,1.0
573.13872,1.0,1.0,0.0
573.13873,1.0,1.0,1.0
573.13874,1.0,0.0,1.0
573.13875,1.0,1.0,0.0
573.13876,1.0,1.0,0.0
573.13877,1.0,1.0,0.0
573.13878,1.0,1.0,1.0
573.13879,1.0,1.0,0.0
573.13880,1.0,1.0,1.0
573.13881,1.0,1.0,0.0
573.13882,1.0,1.0,0.0
573.13883,1.0,1.0,0.0
573.13884,1.0,1.0,0.0
573.13885,1.0,1.0,0.0
573.13886,1.0,1.0,1.0
573.13887,1.0,1.0,0.0
573.13888,1.0,1.0,0.0
573.13889,1.0,1.0,1.0
573.13890,1.0,1.0,1.0
573.13891,1.0,,0.0
573.13892,1.0,1.0,0.0
573.13893,1.0,1.0,0.0
573.13894,1.0,1.0,1.0
573.13895,1.0,1.0,0.0
573.13896,1.0,1.0,1.0
573.13897,1.0,0.0,0.0
573.13898,1.0,1.0,0.0
573.13899,1.0,1.0,0.0
573.13900,1.0,1.0,1.0
573.13901,1.0,1.0,1.0
573.13902,1.0,1.0,1.0
573.13903,1.0,1.0,0.0
573.13904,1.0,1.0,0.0
573.13905,1.0,1.0,1.0
573.13906,1.0,1.0,1.0
573.13907,1.0,1.0,1.0
573.13908,1.0,1.0,
573.13909,1.0,1.0,1.0
573.13910,1.0,1.0,0.0
573.13911,1.0,1.0,
573.13912,1.0,1.0,1.0
573.13913,1.0,1.0,1.0
573.13914,1.0,1.0,0.0
573.13915,1.0,1.0,0.0
573.13916,1.0,1.0,1.0
573.13917,1.0,1.0,0.0
573.13918,1.0,1.0,1.0
573.13919,1.0,1.0,1.0
573.13920,1.0,1.0,0.0
573.13921,1.0,1.0,0.0
573.13922,1.0,1.0,1.0
573.13923,1.0,1.0,0.0
573.13924,1.0,0.0,0.0
573.13925,1.0,0.0,0.0
573.13926,1.0,1.0,1.0
573.13927,1.0,1.0,0.0
573.13928,,0.0,
573.13929,1.0,1.0,0.0
573.13930,1.0,1.0,1.0
573.13931,1.0,1.0,0.0
573.13932,1.0,1.0,0.0
573.13933,1.0,1.0,0.0
573.13934,1.0,1.0,0.0
573.13935,1.0,0.0,0.0
573.13936,1.0,1.0,0.0
573.13937,1.0,1.0,0.0
573.13938,1.0,1.0,0.0
573.13939,1.0,1.0,0.0
573.13940,1.0,1.0,0.0
573.13941,1.0,1.0,0.0
573.13942,1.0,1.0,0.0
573.13943,1.0,1.0,0.0
573.13944,1.0,1.0,0.0
573.13945,1.0,1.0,0.0
573.13946,1.0,1.0,1.0
573.13947,1.0,1.0,0.0
573.13948,1.0,1.0,0.0
573.13949,1.0,1.0,0.0
573.13950,1.0,1.0,0.0
573.13951,1.0,1.0,0.0
573.13952,1.0,1.0,0.0
573.13953,1.0,1.0,0.0
573.13954,1.0,1.0,0.0
573.13955,1.0,1.0,1.0
573.13956,1.0,1.0,0.0
573.13957,1.0,1.0,0.0
573.13958,1.0,1.0,1.0
573.13959,1.0,1.0,1.0
573.13960,1.0,1.0,0.0
573.13961,1.0,1.0,1.0
573.13962,,1.0,0.0
573.13963,1.0,1.0,1.0
573.13964,1.0,1.0,1.0
573.13965,1.0,1.0,0.0
573.13966,1.0,1.0,1.0
573.13967,,0.0,0.0
573.13968,1.0,1.0,0.0
573.13969,1.0,1.0,0.0
573.13970,1.0,1.0,0.0
573.13971,1.0,1.0,0.0
573.13972,1.0,1.0,1.0
573.13973,1.0,1.0,1.0
573.13974,1.0,1.0,1.0
573.13975,1.0,1.0,0.0
573.13976,1.0,1.0,0.0
573.13977,1.0,1.0,0.0
573.13978,1.0,1.0,0.0
573.13979,1.0,1.0,1.0
573.13980,,0.0,0.0
573.13981,1.0,1.0,0.0
573.13982,1.0,1.0,1.0
573.13983,1.0,1.0,1.0
573.13984,1.0,1.0,1.0
573.13985,1.0,1.0,0.0
573.13986,1.0,1.0,0.0
573.13987,1.0,1.0,1.0
573.13988,1.0,1.0,1.0
573.13989,1.0,1.0,0.0
573.13990,1.0,1.0,1.0
573.13991,1.0,1.0,0.0
573.13992,1.0,1.0,1.0
573.13993,1.0,0.0,0.0
573.13994,1.0,1.0,0.0
573.13995,1.0,0.0,0.0
573.13996,1.0,1.0,1.0
573.13997,1.0,1.0,0.0
573.13998,1.0,1.0,0.0
573.13999,1.0,1.0,1.0
573.14000,1.0,1.0,0.0
573.14001,1.0,1.0,0.0
573.14002,1.0,1.0,1.0
573.14003,1.0,1.0,0.0
573.14004,1.0,1.0,0.0
573.14005,1.0,1.0,0.0
573.14006,1.0,1.0,1.0
573.14007,1.0,1.0,0.0
573.14008,1.0,1.0,0.0
573.14009,1.0,1.0,1.0
573.14010,1.0,1.0,1.0
573.14011,1.0,1.0,0.0
573.14012,1.0,1.0,1.0
573.14013,,0.0,0.0
573.14014,1.0,1.0,0.0
573.14015,1.0,1.0,0.0
573.14016,1.0,1.0,1.0
573.14017,1.0,1.0,1.0
573.14018,1.0,1.0,1.0
573.14019,1.0,1.0,1.0
573.14020,1.0,1.0,1.0
573.14022,1.0,1.0,0.0
573.14023,1.0,1.0,0.0
573.14024,1.0,1.0,0.0
573.14026,1.0,1.0,1.0
573.14027,1.0,0.0,0.0
573.14028,1.0,1.0,0.0
573.14029,1.0,1.0,0.0
573.14030,1.0,1.0,1.0
573.14031,1.0,1.0,0.0
573.14032,1.0,1.0,0.0
573.14033,1.0,1.0,0.0
573.14034,1.0,1.0,0.0
573.14035,1.0,1.0,1.0
573.14036,1.0,1.0,0.0
573.14037,1.0,1.0,0.0
573.14038,1.0,1.0,1.0
573.14039,1.0,1.0,1.0
573.14040,1.0,1.0,0.0
573.14041,1.0,1.0,1.0
573.14042,1.0,1.0,1.0
573.14043,1.0,,0.0
573.14044,1.0,1.0,1.0
573.14045,1.0,1.0,0.0
573.14046,1.0,1.0,0.0
573.14047,1.0,0.0,0.0
573.14048,1.0,1.0,1.0
573.14049,1.0,1.0,1.0
573.14050,1.0,1.0,0.0
573.14051,1.0,1.0,0.0
573.14052,1.0,1.0,0.0
573.14053,1.0,1.0,0.0
573.14054,1.0,1.0,1.0
573.14055,1.0,1.0,0.0
573.14056,1.0,1.0,1.0
573.14057,1.0,1.0,1.0
573.14058,1.0,1.0,
573.14059,1.0,0.0,0.0
573.14060,1.0,1.0,0.0
573.14061,1.0,1.0,0.0
573.14062,1.0,1.0,1.0
573.14063,1.0,1.0,1.0
573.14064,,1.0,0.0
573.14065,1.0,1.0,1.0
573.14066,1.0,1.0,
573.14067,1.0,1.0,1.0
573.14068,1.0,1.0,1.0
573.14069,1.0,1.0,1.0
573.14070,1.0,,0.0
573.14071,1.0,,0.0
573.14072,1.0,1.0,1.0
573.14073,,0.0,0.0
573.14074,1.0,1.0,1.0
573.14075,1.0,1.0,1.0
573.14076,1.0,1.0,0.0
573.14077,1.0,1.0,1.0
573.14078,1.0,1.0,1.0
573.14079,1.0,1.0,1.0
573.14080,1.0,1.0,1.0
573.14081,1.0,1.0,0.0
573.14082,1.0,1.0,0.0
573.14083,1.0,1.0,1.0
573.14084,1.0,1.0,0.0
573.14085,1.0,1.0,1.0
573.14086,1.0,,
573.14087,1.0,1.0,1.0
573.14088,1.0,1.0,1.0
573.14089,1.0,1.0,1.0
573.14090,1.0,1.0,0.0
573.14091,1.0,1.0,0.0
573.14092,1.0,1.0,1.0
573.14093,1.0,1.0,1.0
573.14094,1.0,1.0,1.0
573.14095,1.0,1.0,1.0
573.14096,1.0,1.0,1.0
573.14097,1.0,1.0,0.0
573.14098,1.0,1.0,0.0
573.14099,1.0,1.0,1.0
573.14100,1.0,1.0,1.0
573.14101,1.0,,1.0
573.14102,1.0,1.0,
573.14103,1.0,1.0,0.0
573.14104,1.0,,0.0
573.14105,1.0,1.0,0.0
573.14106,1.0,1.0,1.0
573.14107,1.0,1.0,0.0
573.14108,1.0,0.0,0.0
573.14109,1.0,1.0,0.0
573.14110,1.0,1.0,1.0
573.14111,1.0,1.0,1.0
573.14112,1.0,1.0,0.0
573.14113,1.0,1.0,0.0
573.14114,1.0,1.0,0.0
573.14115,1.0,1.0,0.0
573.14116,1.0,1.0,1.0
573.14117,1.0,,0.0
573.14118,1.0,1.0,0.0
573.14119,1.0,1.0,0.0
573.14120,1.0,1.0,0.0
573.14121,1.0,1.0,0.0
573.14122,1.0,1.0,0.0
573.14123,1.0,1.0,1.0
573.14124,1.0,1.0,1.0
573.14125,1.0,1.0,0.0
573.14126,1.0,1.0,1.0
573.14127,1.0,1.0,1.0
573.14128,1.0,1.0,0.0
573.14129,1.0,1.0,0.0
573.14130,1.0,1.0,1.0
573.14131,1.0,1.0,0.0
573.14132,1.0,1.0,1.0
573.14133,1.0,1.0,1.0
573.14134,1.0,1.0,1.0
573.14135,1.0,0.0,1.0
573.14136,1.0,1.0,
573.14137,1.0,1.0,0.0
573.14138,1.0,1.0,0.0
573.14139,1.0,1.0,0.0
573.14140,1.0,1.0,1.0
573.14141,,1.0,0.0
573.14142,1.0,1.0,0.0
573.14143,1.0,1.0,1.0
573.14144,1.0,1.0,1.0
573.14146,1.0,1.0,0.0
573.14147,1.0,1.0,1.0
573.14148,1.0,1.0,0.0
573.14149,1.0,1.0,1.0
573.14150,,0.0,0.0
573.14151,1.0,1.0,0.0
573.14152,1.0,1.0,1.0
573.14153,1.0,1.0,0.0
573.14154,1.0,1.0,1.0
573.14155,1.0,1.0,0.0
573.14156,1.0,1.0,1.0
573.14158,1.0,1.0,0.0
573.14159,1.0,1.0,
573.14160,1.0,1.0,1.0
573.14161,1.0,1.0,0.0
573.14162,1.0,1.0,1.0
573.14163,1.0,1.0,
573.14164,1.0,1.0,1.0
573.14165,1.0,1.0,0.0
573.14166,1.0,1.0,1.0
573.14167,1.0,1.0,0.0
573.14168,1.0,1.0,0.0
573.14169,1.0,1.0,1.0
573.14170,1.0,0.0,0.0
573.14171,,0.0,0.0
573.14172,1.0,1.0,1.0
573.14173,1.0,1.0,0.0
573.14174,1.0,1.0,1.0
573.14175,1.0,1.0,0.0
573.14176,1.0,1.0,1.0
573.14177,1.0,1.0,1.0
573.14178,1.0,1.0,
573.14179,1.0,1.0,1.0
573.14180,1.0,1.0,1.0
573.14181,1.0,1.0,0.0
573.14182,1.0,1.0,1.0
573.14183,1.0,1.0,0.0
573.14184,1.0,1.0,0.0
573.14185,1.0,1.0,0.0
573.14186,1.0,1.0,1.0
573.14187,1.0,1.0,1.0
573.14188,1.0,1.0,1.0
573.14189,1.0,1.0,1.0
573.14190,1.0,1.0,0.0
573.14191,1.0,1.0,1.0
573.14192,1.0,1.0,1.0
573.14193,1.0,1.0,1.0
573.14194,1.0,1.0,0.0
573.14195,1.0,1.0,0.0
573.14196,1.0,1.0,0.0
573.14197,1.0,1.0,1.0
573.14198,1.0,1.0,1.0
573.14199,1.0,1.0,1.0
573.14200,1.0,1.0,1.0
573.14201,1.0,0.0,0.0
573.14202,1.0,1.0,0.0
573.14203,1.0,1.0,0.0
573.14204,1.0,1.0,1.0
573.14205,1.0,1.0,1.0
573.14206,1.0,1.0,0.0
573.14207,1.0,1.0,1.0
573.14208,1.0,1.0,0.0
573.14209,1.0,1.0,1.0
573.14210,1.0,1.0,0.0
573.14211,1.0,1.0,0.0
573.14212,1.0,1.0,1.0
573.14213,1.0,1.0,0.0
573.14214,1.0,1.0,1.0
573.14215,1.0,1.0,0.0
573.14216,1.0,1.0,0.0
573.14217,1.0,1.0,1.0
573.14218,1.0,1.0,1.0
573.14219,1.0,1.0,1.0
573.14220,1.0,1.0,0.0
573.14221,1.0,1.0,1.0
573.14222,1.0,1.0,1.0
573.14223,1.0,1.0,1.0
573.14224,1.0,1.0,1.0
573.14225,1.0,1.0,1.0
573.14226,1.0,1.0,1.0
573.14227,1.0,1.0,1.0
573.14228,1.0,1.0,0.0
573.14229,1.0,0.0,0.0
573.14230,1.0,1.0,0.0
573.14231,1.0,1.0,1.0
573.14232,1.0,1.0,0.0
573.14233,1.0,1.0,1.0
573.14234,1.0,1.0,1.0
573.14235,1.0,1.0,1.0
573.14236,1.0,1.0,1.0
573.14237,1.0,0.0,0.0
573.14238,1.0,1.0,1.0
573.14239,1.0,1.0,1.0
573.14240,1.0,1.0,1.0
573.14241,1.0,1.0,1.0
573.14242,1.0,1.0,
573.14243,1.0,1.0,0.0
573.14244,1.0,1.0,1.0
573.14245,1.0,1.0,1.0
573.14246,1.0,1.0,1.0
573.14247,1.0,1.0,1.0
573.14248,1.0,1.0,1.0
573.14249,1.0,1.0,1.0
573.14250,1.0,1.0,0.0
573.14251,1.0,1.0,0.0
573.14252,1.0,1.0,1.0
573.14253,1.0,1.0,0.0
573.14254,1.0,1.0,0.0
573.14255,1.0,1.0,0.0
573.14256,1.0,1.0,0.0
573.14257,1.0,1.0,0.0
573.14258,1.0,1.0,0.0
573.14259,1.0,1.0,0.0
573.14260,1.0,1.0,0.0
573.14261,1.0,1.0,0.0
573.14262,1.0,1.0,1.0
573.14263,1.0,1.0,0.0
573.14264,1.0,1.0,1.0
573.14265,,1.0,1.0
573.14266,1.0,1.0,0.0
573.14267,1.0,1.0,1.0
573.14268,1.0,1.0,1.0
573.14269,1.0,1.0,0.0
573.14270,1.0,1.0,0.0
573.14271,1.0,1.0,0.0
573.14272,,1.0,1.0
573.14273,1.0,1.0,1.0
573.14274,1.0,1.0,1.0
573.14275,1.0,1.0,0.0
573.14276,1.0,1.0,0.0
573.14277,1.0,,1.0
573.14278,1.0,1.0,1.0
573.14279,1.0,1.0,1.0
573.14280,1.0,1.0,0.0
573.14281,1.0,1.0,0.0
573.14282,1.0,1.0,0.0
573.14283,1.0,1.0,0.0
573.14284,1.0,1.0,1.0
573.14285,1.0,1.0,0.0
573.14286,1.0,1.0,1.0
573.14287,1.0,1.0,1.0
573.14288,1.0,1.0,0.0
573.14289,1.0,1.0,0.0
573.14290,1.0,1.0,1.0
573.14291,1.0,1.0,0.0
573.14292,1.0,1.0,1.0
573.14293,1.0,1.0,0.0
573.14294,1.0,1.0,0.0
573.14295,1.0,1.0,0.0
573.14296,1.0,1.0,1.0
573.14297,1.0,0.0,0.0
573.14298,1.0,1.0,0.0
573.14299,1.0,1.0,0.0
573.14300,1.0,1.0,0.0
573.14301,1.0,1.0,1.0
573.14302,,0.0,0.0
573.14303,1.0,1.0,1.0
573.14304,1.0,1.0,1.0
573.14305,,0.0,0.0
573.14306,1.0,1.0,1.0
573.14307,1.0,1.0,1.0
573.14308,1.0,1.0,0.0
573.14309,1.0,0.0,0.0
573.14310,1.0,1.0,1.0
573.14311,1.0,1.0,1.0
573.14312,,1.0,0.0
573.14313,1.0,1.0,0.0
573.14314,1.0,1.0,1.0
573.14315,1.0,1.0,0.0
573.14316,1.0,1.0,0.0
573.14317,1.0,1.0,0.0
573.14319,1.0,1.0,1.0
573.14320,1.0,1.0,0.0
573.14321,1.0,1.0,0.0
573.14322,1.0,1.0,1.0
573.14323,1.0,1.0,0.0
573.14324,1.0,1.0,1.0
573.14325,1.0,1.0,1.0
573.14326,1.0,1.0,0.0
573.14327,1.0,1.0,0.0
573.14328,,0.0,0.0
573.14329,1.0,1.0,0.0
573.14330,1.0,1.0,0.0
573.14331,1.0,1.0,0.0
573.14332,1.0,1.0,0.0
573.14333,1.0,1.0,1.0
573.14334,1.0,0.0,0.0
573.14335,1.0,1.0,1.0
573.14336,1.0,1.0,
573.14337,1.0,1.0,0.0
573.14338,1.0,,1.0
573.14339,1.0,1.0,1.0
573.14340,1.0,1.0,0.0
573.14341,1.0,1.0,0.0
573.14342,1.0,1.0,1.0
573.14343,1.0,1.0,1.0
573.14344,1.0,1.0,1.0
573.14345,1.0,1.0,1.0
573.14346,1.0,1.0,1.0
573.14347,1.0,1.0,1.0
573.14348,1.0,1.0,1.0
573.14349,1.0,1.0,0.0
573.14350,1.0,1.0,1.0
573.14351,1.0,1.0,0.0
573.14352,1.0,1.0,0.0
573.14353,1.0,1.0,0.0
573.14354,1.0,1.0,0.0
573.14355,1.0,1.0,1.0
573.14356,1.0,1.0,1.0
573.14357,1.0,1.0,1.0
573.14358,1.0,1.0,1.0
573.14359,1.0,1.0,1.0
573.14360,1.0,1.0,1.0
573.14361,1.0,1.0,0.0
573.14362,1.0,1.0,1.0
573.14363,1.0,1.0,1.0
573.14364,1.0,1.0,0.0
573.14365,,0.0,0.0
573.14366,1.0,1.0,0.0
573.14367,1.0,1.0,0.0
573.14368,1.0,1.0,0.0
573.14369,1.0,1.0,0.0
573.14371,1.0,1.0,0.0
573.14372,1.0,1.0,0.0
573.14373,1.0,1.0,1.0
573.14374,1.0,1.0,1.0
573.14375,1.0,1.0,1.0
573.14376,1.0,0.0,0.0
573.14377,1.0,1.0,0.0
573.14378,1.0,1.0,0.0
573.14379,1.0,1.0,1.0
573.14380,1.0,1.0,1.0
573.14381,1.0,1.0,1.0
573.14382,1.0,1.0,0.0
573.14383,1.0,1.0,0.0
573.14384,1.0,1.0,0.0
573.14385,1.0,1.0,0.0
573.14386,1.0,1.0,0.0
573.14387,,0.0,0.0
573.14388,1.0,1.0,0.0
573.14389,1.0,1.0,1.0
573.14390,1.0,1.0,0.0
573.14391,1.0,1.0,1.0
573.14392,1.0,1.0,0.0
573.14393,1.0,1.0,1.0
573.14394,1.0,1.0,0.0
573.14395,1.0,1.0,0.0
573.14396,1.0,1.0,0.0
573.14397,1.0,,1.0
573.14398,1.0,1.0,0.0
573.14399,1.0,1.0,1.0
573.14400,1.0,1.0,0.0
573.14401,1.0,1.0,1.0
573.14402,1.0,1.0,1.0
573.14403,1.0,1.0,0.0
573.14404,1.0,1.0,1.0
573.14405,1.0,1.0,1.0
573.14406,1.0,1.0,0.0
573.14407,1.0,1.0,1.0
573.14408,1.0,1.0,1.0
573.14409,1.0,1.0,1.0
573.14410,1.0,0.0,1.0
573.14411,1.0,0.0,0.0
573.14412,1.0,1.0,1.0
573.14413,1.0,1.0,1.0
573.14415,1.0,1.0,1.0
573.14416,1.0,1.0,1.0
573.14417,1.0,1.0,1.0
573.14418,1.0,1.0,1.0
573.14419,1.0,1.0,0.0
573.14420,1.0,1.0,1.0
573.14421,1.0,1.0,0.0
573.14422,1.0,1.0,0.0
573.14423,1.0,1.0,1.0
573.14424,1.0,1.0,0.0
573.14425,1.0,1.0,0.0
573.14426,1.0,1.0,1.0
573.14427,1.0,1.0,0.0
573.14428,1.0,0.0,0.0
573.14429,1.0,1.0,0.0
573.14430,1.0,1.0,1.0
573.14431,1.0,0.0,0.0
573.14432,1.0,1.0,1.0
573.14433,1.0,1.0,1.0
573.14434,1.0,1.0,0.0
573.14435,1.0,,1.0
573.14436,1.0,1.0,0.0
573.14437,1.0,1.0,0.0
573.14438,1.0,1.0,1.0
573.14439,1.0,1.0,0.0
573.14440,1.0,0.0,0.0
573.14441,1.0,1.0,0.0
573.14442,1.0,1.0,0.0
573.14443,1.0,1.0,1.0
573.14444,1.0,1.0,0.0
573.14445,1.0,1.0,1.0
573.14446,1.0,1.0,1.0
573.14447,1.0,1.0,1.0
573.14448,1.0,1.0,0.0
573.14449,1.0,1.0,0.0
573.14450,1.0,1.0,0.0
573.14451,1.0,1.0,0.0
573.14452,1.0,1.0,1.0
573.14453,,1.0,
573.14454,1.0,,0.0
573.14455,1.0,1.0,1.0
573.14456,1.0,1.0,1.0
573.14457,1.0,1.0,
573.14458,1.0,1.0,1.0
573.14459,1.0,1.0,1.0
573.14460,1.0,1.0,1.0
573.14461,1.0,1.0,0.0
573.14462,1.0,1.0,0.0
573.14463,1.0,0.0,0.0
573.14464,1.0,1.0,1.0
573.14465,1.0,1.0,0.0
573.14466,1.0,1.0,0.0
573.14467,1.0,1.0,0.0
573.14468,1.0,1.0,0.0
573.14469,1.0,1.0,0.0
573.14470,1.0,1.0,1.0
573.14471,1.0,1.0,1.0
573.14472,1.0,1.0,1.0
573.14473,1.0,1.0,1.0
573.14474,1.0,1.0,0.0
573.14475,1.0,1.0,0.0
573.14477,1.0,1.0,0.0
573.14478,1.0,1.0,1.0
573.14479,1.0,0.0,1.0
573.14480,1.0,1.0,0.0
573.14481,1.0,1.0,0.0
573.14482,1.0,1.0,0.0
573.14483,1.0,1.0,1.0
573.14484,1.0,1.0,0.0
573.14485,1.0,1.0,0.0
573.14486,1.0,1.0,1.0
573.14487,1.0,1.0,0.0
573.14488,1.0,1.0,0.0
573.14489,1.0,1.0,0.0
573.14490,1.0,1.0,0.0
573.14491,1.0,1.0,0.0
573.14492,1.0,1.0,1.0
573.14493,,0.0,0.0
573.14494,1.0,1.0,0.0
573.14495,1.0,1.0,1.0
573.14496,,1.0,0.0
573.14497,1.0,1.0,1.0
573.14498,1.0,1.0,0.0
573.14499,1.0,0.0,0.0
573.14500,1.0,1.0,1.0
573.14501,1.0,1.0,1.0
573.14502,1.0,1.0,
573.14503,1.0,1.0,0.0
573.14504,1.0,1.0,1.0
573.14505,1.0,1.0,0.0
573.14506,1.0,1.0,0.0
573.14507,1.0,1.0,0.0
573.14508,1.0,1.0,1.0
573.14509,1.0,1.0,0.0
573.14510,1.0,1.0,1.0
573.14511,1.0,1.0,0.0
573.14512,1.0,1.0,0.0
573.14513,1.0,1.0,0.0
573.14514,1.0,1.0,1.0
573.14515,1.0,1.0,1.0
573.14516,1.0,1.0,0.0
573.14517,1.0,1.0,1.0
573.14518,1.0,1.0,1.0
573.14519,1.0,1.0,1.0
573.14520,1.0,1.0,1.0
573.14521,1.0,1.0,1.0
573.14522,1.0,1.0,1.0
573.14523,1.0,1.0,1.0
573.14524,1.0,1.0,0.0
573.14525,1.0,1.0,0.0
573.14526,1.0,1.0,1.0
573.14527,1.0,1.0,1.0
573.14528,1.0,1.0,1.0
573.14529,1.0,1.0,0.0
573.14530,1.0,1.0,1.0
573.14531,1.0,1.0,1.0
573.14532,1.0,1.0,0.0
573.14533,1.0,1.0,1.0
573.14534,1.0,1.0,0.0
573.14535,1.0,1.0,1.0
573.14536,1.0,1.0,1.0
573.14537,1.0,1.0,1.0
573.14538,1.0,1.0,0.0
573.14539,1.0,1.0,1.0
573.14540,1.0,1.0,0.0
573.14541,1.0,1.0,1.0
573.14542,1.0,1.0,0.0
573.14543,1.0,1.0,0.0
573.14544,1.0,1.0,1.0
573.14545,1.0,1.0,0.0
573.14546,1.0,1.0,1.0
573.14547,1.0,1.0,0.0
573.14548,1.0,1.0,1.0
573.14549,1.0,1.0,1.0
573.14550,1.0,1.0,1.0
573.14804,,0.0,0.0
573.14842,1.0,,
573.15042,1.0,1.0,1.0
573.15043,1.0,1.0,0.0
573.15044,1.0,1.0,0.0
573.15045,1.0,,
573.15107,1.0,1.0,0.0
573.15108,1.0,1.0,1.0
573.15217,1.0,1.0,1.0
573.15329,1.0,1.0,1.0
573.15360,1.0,0.0,0.0
573.15361,1.0,0.0,0.0
573.15362,0.0,0.0,0.0
573.15364,1.0,1.0,1.0
573.15366,0.0,0.0,0.0
573.15367,1.0,0.0,0.0
573.15368,1.0,0.0,0.0
573.15369,1.0,1.0,1.0
573.15370,1.0,1.0,1.0
573.15371,1.0,1.0,1.0
573.15372,0.0,0.0,0.0
573.15373,0.0,0.0,0.0
573.15374,1.0,1.0,1.0
573.15375,1.0,1.0,1.0
573.15376,1.0,1.0,1.0
573.15377,1.0,1.0,0.0
573.15420,1.0,1.0,1.0
573.15432,1.0,1.0,0.0
573.15433,1.0,1.0,1.0
573.15434,1.0,1.0,1.0
573.15435,1.0,1.0,1.0
573.15436,1.0,1.0,1.0
573.15437,1.0,1.0,1.0
573.15438,1.0,1.0,1.0
573.15439,1.0,1.0,1.0
573.15440,1.0,1.0,1.0
573.15441,1.0,1.0,1.0
573.15442,1.0,1.0,1.0
573.15443,1.0,1.0,1.0
573.15444,1.0,0.0,0.0
573.15445,1.0,1.0,1.0
573.15446,1.0,1.0,0.0
573.15447,1.0,1.0,0.0
573.15448,1.0,1.0,1.0
573.15449,1.0,1.0,1.0
573.15450,1.0,1.0,1.0
573.15451,1.0,1.0,1.0
573.15452,1.0,1.0,1.0
573.15455,1.0,1.0,1.0
573.15456,1.0,1.0,1.0
573.15458,1.0,0.0,0.0
573.15459,1.0,1.0,0.0
573.15460,,0.0,0.0
573.15461,1.0,1.0,1.0
573.15462,1.0,1.0,1.0
573.15463,1.0,,0.0
573.15465,1.0,,0.0
573.15466,1.0,1.0,1.0
573.15467,1.0,1.0,1.0
573.15468,1.0,1.0,0.0
573.15469,1.0,0.0,1.0
573.15470,1.0,1.0,1.0
573.15471,1.0,1.0,1.0
573.15472,1.0,1.0,0.0
573.15473,1.0,1.0,1.0
573.15474,1.0,1.0,1.0
573.15475,1.0,1.0,
573.15476,1.0,1.0,0.0
573.15477,1.0,1.0,1.0
573.15478,1.0,1.0,1.0
573.15479,1.0,,0.0
573.15480,1.0,1.0,0.0
573.15481,1.0,,1.0
573.15482,1.0,1.0,1.0
573.15483,1.0,1.0,0.0
573.15484,1.0,1.0,0.0
573.15485,1.0,1.0,1.0
573.15486,1.0,1.0,1.0
573.15487,1.0,1.0,1.0
573.15488,1.0,1.0,1.0
573.15489,1.0,1.0,1.0
573.15490,1.0,1.0,1.0
573.15491,1.0,1.0,1.0
573.15492,1.0,1.0,1.0
573.15493,1.0,1.0,0.0
573.15495,1.0,0.0,0.0
573.15496,1.0,1.0,1.0
573.15497,1.0,1.0,0.0
573.15498,1.0,1.0,0.0
573.15499,1.0,1.0,0.0
573.15500,1.0,1.0,0.0
573.15501,1.0,1.0,0.0
573.15502,1.0,1.0,1.0
573.15503,1.0,1.0,0.0
573.15504,1.0,1.0,1.0
573.15505,1.0,1.0,0.0
573.15506,1.0,0.0,0.0
573.15507,1.0,1.0,1.0
573.15508,1.0,1.0,
573.15509,1.0,1.0,1.0
573.15510,1.0,1.0,0.0
573.15511,1.0,0.0,0.0
573.15512,0.0,,0.0
573.15513,0.0,0.0,0.0
573.15514,0.0,0.0,0.0
573.15515,0.0,0.0,0.0
573.15516,1.0,0.0,0.0
573.15517,0.0,0.0,0.0
573.15518,0.0,0.0,0.0
573.15519,1.0,0.0,0.0
573.15520,0.0,0.0,0.0
573.15521,0.0,0.0,0.0
573.15522,0.0,0.0,0.0
573.15523,0.0,0.0,0.0
573.15524,0.0,0.0,0.0
573.15525,0.0,0.0,0.0
573.15526,0.0,0.0,0.0
573.15527,0.0,0.0,0.0
573.15528,0.0,0.0,0.0
573.15529,0.0,0.0,0.0
573.15530,1.0,1.0,1.0
573.15531,0.0,0.0,0.0
573.15533,0.0,0.0,0.0
573.15534,0.0,0.0,0.0
573.15535,0.0,0.0,0.0
573.15536,0.0,0.0,0.0
573.15537,0.0,0.0,0.0
573.15538,0.0,0.0,0.0
573.15539,0.0,0.0,0.0
573.15540,0.0,0.0,0.0
573.15541,0.0,0.0,0.0
573.15542,0.0,0.0,0.0
573.15543,0.0,0.0,0.0
573.15544,0.0,0.0,0.0
573.15545,1.0,0.0,0.0
573.15546,1.0,0.0,0.0
573.15547,0.0,0.0,0.0
573.15548,0.0,0.0,0.0
573.15550,0.0,0.0,0.0
573.15551,0.0,0.0,0.0
573.15552,0.0,0.0,0.0
573.15553,0.0,0.0,0.0
573.15554,0.0,0.0,0.0
573.15555,0.0,0.0,0.0
573.15556,0.0,0.0,0.0
573.15557,0.0,0.0,0.0
573.15558,0.0,0.0,0.0
573.15559,0.0,0.0,0.0
573.15560,0.0,0.0,0.0
573.15561,0.0,0.0,0.0
573.15562,0.0,0.0,0.0
573.15563,0.0,0.0,0.0
573.15564,0.0,0.0,0.0
573.15565,0.0,0.0,0.0
573.15566,0.0,0.0,0.0
573.15567,0.0,0.0,0.0
573.15568,0.0,0.0,0.0
573.15569,0.0,0.0,0.0
573.15570,0.0,0.0,0.0
573.15571,0.0,0.0,0.0
573.15572,0.0,0.0,0.0
573.15573,0.0,0.0,0.0
573.15574,0.0,0.0,0.0
573.15575,0.0,0.0,0.0
573.15576,0.0,0.0,0.0
573.15577,0.0,0.0,0.0
573.15579,0.0,0.0,0.0
573.15580,1.0,1.0,0.0
573.15581,0.0,0.0,0.0
573.15582,0.0,0.0,0.0
573.15583,0.0,0.0,0.0
573.15584,0.0,0.0,0.0
573.15585,0.0,0.0,0.0
573.15586,0.0,0.0,0.0
573.15587,0.0,0.0,0.0
573.15588,0.0,0.0,0.0
573.15589,0.0,0.0,0.0
573.15590,0.0,0.0,0.0
573.15591,0.0,0.0,0.0
573.15592,1.0,1.0,1.0
573.15593,1.0,1.0,0.0
573.15594,0.0,0.0,0.0
573.15595,1.0,1.0,0.0
573.15596,0.0,0.0,0.0
573.15597,0.0,0.0,0.0
573.15598,0.0,0.0,0.0
573.15599,1.0,1.0,0.0
573.15600,0.0,0.0,0.0
573.15601,0.0,0.0,0.0
573.15602,1.0,1.0,0.0
573.15603,1.0,1.0,1.0
573.15605,0.0,0.0,0.0
573.15606,1.0,1.0,0.0
573.15607,0.0,0.0,0.0
573.15608,0.0,0.0,0.0
573.15609,1.0,1.0,1.0
573.15610,1.0,0.0,0.0
573.15611,0.0,0.0,0.0
573.15612,0.0,0.0,0.0
573.15613,1.0,1.0,0.0
573.15614,1.0,1.0,0.0
573.15615,0.0,0.0,0.0
573.15616,1.0,1.0,1.0
573.15617,0.0,0.0,0.0
573.15618,1.0,1.0,0.0
573.15619,0.0,0.0,0.0
573.15620,0.0,0.0,0.0
573.15621,0.0,0.0,0.0
573.15622,0.0,0.0,0.0
573.15623,0.0,0.0,0.0
573.15624,1.0,0.0,0.0
573.15626,1.0,1.0,0.0
573.15627,0.0,0.0,0.0
573.15628,0.0,0.0,0.0
573.15629,1.0,1.0,1.0
573.15630,,1.0,0.0
573.15631,,1.0,1.0
573.15632,,1.0,1.0
573.15633,,1.0,1.0
573.15634,,1.0,1.0
573.15635,,1.0,0.0
573.15636,,1.0,1.0
573.15637,,1.0,1.0
573.15638,,1.0,1.0
573.15639,,1.0,1.0
573.15640,,1.0,1.0
573.15641,,1.0,1.0
573.15642,,1.0,1.0
573.15643,,1.0,0.0
573.15644,,1.0,1.0
573.15645,,1.0,1.0
573.15646,,,1.0
573.15647,,1.0,0.0
573.15648,,1.0,1.0
573.15649,,1.0,1.0
573.15650,,1.0,1.0
573.15651,,1.0,1.0
573.15652,,1.0,1.0
573.15653,,1.0,1.0
573.15654,,0.0,0.0
573.15655,,1.0,0.0
573.15656,,1.0,0.0
573.15657,,1.0,0.0
573.15658,,1.0,0.0
573.15659,,1.0,0.0
573.15661,,1.0,1.0
573.15662,,1.0,0.0
573.15663,,1.0,0.0
573.15664,,1.0,0.0
573.15665,,1.0,0.0
573.15666,,1.0,0.0
573.15667,,1.0,0.0
573.15668,,1.0,0.0
573.15669,,1.0,0.0
573.15670,,1.0,0.0
573.15671,,1.0,0.0
573.15672,,1.0,0.0
573.15673,,1.0,0.0
573.15674,,1.0,0.0
573.15675,,1.0,0.0
573.15676,,1.0,0.0
573.15677,,1.0,1.0
573.15678,,1.0,1.0
573.15679,,1.0,1.0
573.15680,,1.0,1.0
573.15681,,1.0,1.0
573.15682,,1.0,1.0
573.15683,,1.0,0.0
573.15684,,1.0,0.0
573.15685,,1.0,0.0
573.15686,,1.0,1.0
573.15687,,1.0,1.0
573.15688,,1.0,1.0
573.15689,,1.0,1.0
573.15690,,1.0,1.0
573.15691,,1.0,1.0
573.15692,,1.0,1.0
573.15693,,1.0,1.0
573.15694,,1.0,1.0
573.15695,,1.0,1.0
573.15696,,1.0,1.0
573.15697,,1.0,1.0
573.15698,,1.0,1.0
573.15699,,1.0,1.0
573.15700,,1.0,1.0
573.15701,,1.0,1.0
573.15702,,1.0,1.0
573.15703,,1.0,1.0
573.15704,,1.0,1.0
573.15705,,1.0,1.0
573.15706,,1.0,1.0
573.15707,,1.0,0.0
573.15708,,1.0,1.0
573.15710,,1.0,0.0
573.15711,,1.0,0.0
573.15713,,1.0,1.0
573.15714,,1.0,0.0
573.15716,,1.0,1.0
573.15717,,1.0,1.0
573.15719,,1.0,1.0
573.15720,,1.0,1.0
573.15721,,1.0,1.0
573.15722,,1.0,1.0
573.15724,,1.0,1.0
573.15725,,1.0,1.0
573.15726,,1.0,0.0
573.15727,,1.0,1.0
573.15728,,1.0,1.0
573.15729,,1.0,1.0
573.15730,,0.0,1.0
573.15731,,1.0,1.0
573.15732,,1.0,1.0
573.15733,,,1.0
573.15734,,0.0,0.0
573.1719,,1.0,0.0
573.1720,,1.0,0.0
573.1721,,1.0,0.0
573.1722,,1.0,0.0
573.1723,,1.0,0.0
573.1724,,1.0,0.0
573.1725,,1.0,0.0
573.1726,,1.0,0.0
573.1727,,1.0,0.0
573.1728,,1.0,0.0
573.1729,,1.0,0.0
573.1730,,1.0,0.0
573.1731,,1.0,0.0
573.1732,,1.0,0.0
573.1733,,1.0,0.0
573.1734,,1.0,0.0
573.17908,1.0,1.0,1.0
573.17914,1.0,1.0,1.0
573.17915,1.0,1.0,0.0
573.17927,1.0,0.0,1.0
573.17943,1.0,1.0,1.0
573.18086,1.0,1.0,1.0
573.18087,1.0,1.0,0.0
573.18088,1.0,1.0,1.0
573.18090,1.0,1.0,1.0
573.18093,1.0,1.0,1.0
573.18472,1.0,0.0,0.0
573.18476,1.0,1.0,0.0
573.18477,1.0,1.0,0.0
573.18541,1.0,1.0,1.0
573.18542,1.0,1.0,0.0
573.18543,1.0,1.0,1.0
573.18680,1.0,1.0,0.0
573.19877,1.0,1.0,1.0
573.20059,1.0,0.0,1.0
573.20060,1.0,1.0,1.0
573.20061,,0.0,0.0
573.20062,1.0,1.0,1.0
573.20063,1.0,1.0,
573.20064,1.0,1.0,1.0
573.20065,1.0,1.0,1.0
573.23196,1.0,1.0,1.0
573.23197,1.0,,1.0
573.23198,1.0,1.0,0.0
573.23199,1.0,1.0,1.0
573.23200,1.0,1.0,1.0
573.23201,1.0,1.0,1.0
573.23202,1.0,1.0,1.0
573.23203,1.0,1.0,0.0
573.23204,1.0,1.0,1.0
573.23205,1.0,1.0,1.0
573.23206,1.0,1.0,1.0
573.23207,1.0,1.0,1.0
573.23208,1.0,0.0,0.0
573.23209,1.0,,1.0
573.23210,1.0,0.0,0.0
573.23211,1.0,1.0,1.0
573.23212,1.0,0.0,0.0
573.23213,1.0,1.0,1.0
573.23214,1.0,1.0,1.0
573.23215,1.0,1.0,0.0
573.23216,1.0,1.0,1.0
573.23217,1.0,1.0,1.0
573.23218,1.0,1.0,1.0
573.23219,1.0,0.0,0.0
573.23220,1.0,0.0,0.0
573.23221,1.0,1.0,1.0
573.23222,1.0,1.0,1.0
573.23223,1.0,0.0,0.0
573.23224,1.0,1.0,0.0
573.23225,1.0,1.0,1.0
573.23228,1.0,1.0,1.0
573.23229,1.0,1.0,1.0
573.23233,1.0,1.0,0.0
573.24243,1.0,1.0,1.0
573.24244,1.0,1.0,0.0
573.24245,1.0,1.0,0.0
573.24246,1.0,,0.0
573.24247,1.0,1.0,1.0
573.24248,1.0,1.0,1.0
573.24249,1.0,0.0,1.0
573.24250,0.0,0.0,0.0
573.24251,1.0,1.0,1.0
573.24252,1.0,1.0,1.0
573.24253,1.0,0.0,0.0
573.24254,1.0,1.0,1.0
573.24255,0.0,0.0,0.0
573.24256,1.0,1.0,1.0
573.24257,0.0,0.0,0.0
573.24258,1.0,1.0,0.0
573.24259,1.0,1.0,0.0
573.24260,1.0,1.0,1.0
573.24261,1.0,1.0,0.0
573.24262,1.0,1.0,1.0
573.24263,1.0,1.0,1.0
573.24264,1.0,1.0,1.0
573.24265,1.0,1.0,1.0
573.24266,1.0,0.0,0.0
573.24267,1.0,1.0,0.0
573.24268,1.0,0.0,0.0
573.24269,,0.0,0.0
573.24270,1.0,1.0,0.0
573.24271,1.0,1.0,1.0
573.24272,1.0,1.0,0.0
573.24273,1.0,1.0,1.0
573.24274,1.0,1.0,1.0
573.24275,1.0,1.0,1.0
573.24276,1.0,1.0,1.0
573.24277,1.0,1.0,1.0
573.24278,1.0,1.0,1.0
573.24279,1.0,0.0,0.0
573.24280,1.0,1.0,1.0
573.24281,1.0,0.0,0.0
573.24282,1.0,,1.0
573.24283,1.0,1.0,0.0
573.24284,1.0,0.0,1.0
573.24285,1.0,0.0,1.0
573.24286,1.0,1.0,0.0
573.24287,1.0,,1.0
573.24288,1.0,1.0,1.0
573.24289,1.0,1.0,1.0
573.24290,1.0,1.0,0.0
573.24291,1.0,1.0,1.0
573.24292,1.0,1.0,1.0
573.24293,1.0,1.0,0.0
573.24294,1.0,1.0,1.0
573.24295,1.0,1.0,0.0
573.24296,1.0,0.0,0.0
573.24297,1.0,1.0,1.0
573.24298,1.0,1.0,0.0
573.24299,1.0,0.0,1.0
573.24300,1.0,1.0,0.0
573.24301,1.0,1.0,0.0
573.24302,1.0,0.0,0.0
573.24303,1.0,1.0,1.0
573.24304,1.0,0.0,1.0
573.24305,1.0,1.0,0.0
573.24306,1.0,,0.0
573.24307,1.0,1.0,0.0
573.24308,1.0,1.0,0.0
573.24309,1.0,1.0,1.0
573.24310,1.0,1.0,1.0
573.24311,1.0,1.0,1.0
573.24312,1.0,1.0,1.0
573.24313,1.0,1.0,1.0
573.24314,1.0,1.0,0.0
573.24315,1.0,1.0,1.0
573.24316,1.0,1.0,1.0
573.24317,1.0,1.0,1.0
573.24318,1.0,1.0,1.0
573.24319,1.0,1.0,0.0
573.24320,1.0,1.0,1.0
573.24321,1.0,1.0,1.0
573.24322,1.0,1.0,1.0
573.24323,1.0,1.0,1.0
573.24324,1.0,1.0,0.0
573.24325,1.0,1.0,0.0
573.24326,1.0,1.0,0.0
573.24327,1.0,1.0,
573.24328,1.0,1.0,1.0
573.24329,1.0,1.0,1.0
573.24330,1.0,1.0,1.0
573.24331,1.0,1.0,1.0
573.24332,1.0,1.0,0.0
573.24333,1.0,1.0,1.0
573.24334,1.0,0.0,0.0
573.24335,1.0,1.0,1.0
573.24336,1.0,1.0,
573.24337,1.0,1.0,1.0
573.24338,1.0,1.0,1.0
573.24339,1.0,1.0,1.0
573.24340,1.0,1.0,1.0
573.24341,1.0,1.0,0.0
573.24342,1.0,0.0,
573.24343,1.0,1.0,0.0
573.24344,1.0,1.0,0.0
573.24345,1.0,1.0,0.0
573.24346,1.0,1.0,0.0
573.24347,1.0,1.0,
573.24348,1.0,0.0,0.0
573.24349,1.0,1.0,0.0
573.24350,1.0,1.0,0.0
573.24351,1.0,1.0,0.0
573.24352,1.0,1.0,0.0
573.24353,1.0,0.0,0.0
573.24354,1.0,1.0,0.0
573.24355,1.0,1.0,
573.24356,1.0,1.0,0.0
573.24357,1.0,1.0,1.0
573.24358,1.0,1.0,0.0
573.24359,1.0,1.0,0.0
573.24360,1.0,1.0,1.0
573.24361,1.0,1.0,0.0
573.24362,1.0,1.0,0.0
573.24363,1.0,1.0,1.0
573.24364,1.0,1.0,1.0
573.24365,1.0,1.0,1.0
573.24366,1.0,1.0,0.0
573.24367,1.0,1.0,0.0
573.24368,1.0,1.0,0.0
573.24369,1.0,1.0,0.0
573.24370,1.0,1.0,
573.24371,1.0,1.0,1.0
573.24372,1.0,1.0,1.0
573.24373,1.0,1.0,0.0
573.24374,1.0,1.0,0.0
573.24375,1.0,1.0,0.0
573.24376,1.0,0.0,0.0
573.24377,1.0,1.0,0.0
573.24378,1.0,1.0,0.0
573.24379,1.0,1.0,0.0
573.24380,0.0,1.0,0.0
573.24381,1.0,1.0,0.0
573.24382,1.0,1.0,0.0
573.24383,1.0,1.0,1.0
573.24384,0.0,0.0,0.0
573.24385,1.0,1.0,1.0
573.24386,1.0,1.0,0.0
573.24387,1.0,1.0,
573.24388,1.0,1.0,0.0
573.24389,1.0,1.0,0.0
573.24390,1.0,1.0,1.0
573.24391,1.0,1.0,1.0
573.24392,1.0,1.0,0.0
573.24393,1.0,1.0,0.0
573.24394,1.0,1.0,1.0
573.24395,1.0,1.0,0.0
573.24396,1.0,1.0,0.0
573.24397,1.0,0.0,0.0
573.24398,1.0,1.0,1.0
573.24399,1.0,1.0,1.0
573.24400,0.0,0.0,0.0
573.24401,1.0,1.0,0.0
573.24402,1.0,1.0,1.0
573.24403,1.0,1.0,0.0
573.24404,1.0,1.0,0.0
573.24405,1.0,1.0,0.0
573.24406,1.0,1.0,1.0
573.24407,1.0,1.0,1.0
573.24408,1.0,1.0,0.0
573.24409,1.0,1.0,0.0
573.24410,1.0,1.0,0.0
573.24411,1.0,1.0,1.0
573.24412,1.0,1.0,0.0
573.24413,1.0,1.0,1.0
573.24414,1.0,1.0,1.0
573.24415,1.0,1.0,0.0
573.24416,1.0,1.0,1.0
573.24417,1.0,1.0,0.0
573.24418,1.0,1.0,1.0
573.24419,1.0,1.0,1.0
573.24420,1.0,1.0,1.0
573.24421,1.0,1.0,0.0
573.24422,1.0,1.0,0.0
573.24423,1.0,1.0,0.0
573.24424,1.0,1.0,0.0
573.24425,1.0,1.0,0.0
573.24426,1.0,1.0,1.0
573.24427,1.0,1.0,0.0
573.24428,1.0,1.0,1.0
573.24429,1.0,1.0,0.0
573.24430,1.0,1.0,1.0
573.24431,1.0,1.0,0.0
573.24432,1.0,1.0,1.0
573.24433,1.0,1.0,
573.24434,1.0,1.0,0.0
573.24435,1.0,1.0,0.0
573.24436,1.0,1.0,1.0
573.24437,1.0,1.0,0.0
573.24438,1.0,1.0,0.0
573.24439,1.0,1.0,0.0
573.24440,1.0,1.0,0.0
573.24441,1.0,1.0,0.0
573.24442,1.0,1.0,0.0
573.24443,1.0,1.0,
573.24444,1.0,1.0,1.0
573.24445,1.0,1.0,1.0
573.24446,1.0,1.0,1.0
573.24447,1.0,1.0,
573.24448,1.0,1.0,1.0
573.24449,1.0,0.0,1.0
573.24450,1.0,1.0,0.0
573.24451,1.0,1.0,0.0
573.24452,1.0,1.0,0.0
573.24453,1.0,1.0,0.0
573.24454,1.0,1.0,0.0
573.24455,1.0,1.0,0.0
573.25568,,1.0,0.0
573.25569,,1.0,0.0
573.25927,1.0,0.0,0.0
573.26073,0.0,0.0,0.0
573.26074,0.0,0.0,0.0
573.26075,0.0,0.0,0.0
573.26076,0.0,0.0,0.0
573.26077,0.0,0.0,0.0
573.26078,0.0,0.0,0.0
573.26079,0.0,0.0,0.0
573.26080,0.0,0.0,1.0
573.26081,1.0,1.0,1.0
573.26082,0.0,0.0,0.0
573.26083,0.0,0.0,0.0
573.26084,0.0,0.0,0.0
573.26085,1.0,1.0,1.0
573.26086,0.0,0.0,0.0
573.26087,1.0,0.0,0.0
573.26088,1.0,1.0,1.0
573.26089,0.0,1.0,0.0
573.26090,1.0,1.0,1.0
573.26091,0.0,0.0,0.0
573.26092,1.0,1.0,1.0
573.26093,0.0,0.0,0.0
573.26094,0.0,0.0,0.0
573.26095,1.0,1.0,0.0
573.26096,1.0,0.0,0.0
573.26097,1.0,1.0,1.0
573.26098,0.0,0.0,0.0
573.26099,0.0,0.0,0.0
573.26100,1.0,1.0,1.0
573.26101,0.0,0.0,0.0
573.26102,1.0,1.0,0.0
573.26103,0.0,0.0,1.0
573.26104,1.0,1.0,1.0
573.26105,1.0,1.0,1.0
573.26106,0.0,0.0,0.0
573.26107,0.0,1.0,0.0
573.26108,0.0,0.0,0.0
573.26109,0.0,0.0,0.0
573.26110,1.0,1.0,1.0
573.26111,0.0,0.0,0.0
573.26112,0.0,0.0,0.0
573.26113,0.0,0.0,0.0
573.26114,0.0,0.0,0.0
573.26115,0.0,0.0,0.0
573.26116,0.0,0.0,0.0
573.26117,1.0,1.0,1.0
573.26118,0.0,0.0,0.0
573.26119,0.0,0.0,0.0
573.26120,0.0,0.0,0.0
573.26121,0.0,0.0,0.0
573.26122,1.0,1.0,1.0
573.26123,0.0,0.0,0.0
573.26124,0.0,0.0,0.0
573.26125,0.0,0.0,0.0
573.26126,0.0,0.0,0.0
573.26127,0.0,0.0,0.0
573.26128,0.0,0.0,0.0
573.26129,0.0,0.0,0.0
573.26130,0.0,0.0,0.0
573.26131,0.0,0.0,0.0
573.26132,1.0,1.0,1.0
573.26133,0.0,0.0,0.0
573.26134,0.0,0.0,0.0
573.26135,0.0,0.0,0.0
573.26136,0.0,0.0,0.0
573.26137,0.0,1.0,0.0
573.26138,0.0,0.0,0.0
573.26139,1.0,1.0,0.0
573.26140,0.0,0.0,0.0
573.26141,0.0,0.0,0.0
573.26142,0.0,1.0,1.0
573.26143,0.0,0.0,0.0
573.26144,0.0,0.0,0.0
573.26145,0.0,0.0,0.0
573.26146,0.0,0.0,0.0
573.26147,0.0,0.0,0.0
573.26148,0.0,0.0,0.0
573.26149,0.0,0.0,0.0
573.26150,1.0,0.0,1.0
573.26151,1.0,0.0,0.0
573.26152,0.0,0.0,0.0
573.26153,0.0,0.0,0.0
573.26154,0.0,0.0,0.0
573.26155,0.0,0.0,0.0
573.26156,0.0,1.0,0.0
573.26157,0.0,0.0,0.0
573.26158,0.0,0.0,0.0
573.26159,0.0,0.0,0.0
573.26160,0.0,0.0,0.0
573.26161,0.0,0.0,0.0
573.26162,1.0,0.0,1.0
573.26163,0.0,0.0,0.0
573.26164,0.0,0.0,0.0
573.26165,1.0,0.0,1.0
573.26166,1.0,1.0,1.0
573.26167,0.0,0.0,0.0
573.26168,1.0,0.0,0.0
573.26169,1.0,1.0,1.0
573.26170,0.0,0.0,0.0
573.26171,0.0,0.0,0.0
573.26172,0.0,0.0,0.0
573.26173,0.0,0.0,0.0
573.26174,0.0,0.0,0.0
573.26175,0.0,0.0,0.0
573.26176,0.0,0.0,0.0
573.26177,0.0,0.0,0.0
573.26178,0.0,0.0,0.0
573.26179,0.0,0.0,0.0
573.26181,0.0,0.0,0.0
573.26182,0.0,0.0,0.0
573.26183,0.0,0.0,0.0
573.26184,0.0,0.0,0.0
573.26185,0.0,0.0,0.0
573.26186,0.0,0.0,0.0
573.26187,0.0,0.0,0.0
573.26188,0.0,0.0,0.0
573.26189,0.0,0.0,0.0
573.26190,0.0,0.0,0.0
573.26191,0.0,0.0,0.0
573.26192,0.0,0.0,0.0
573.26193,0.0,0.0,0.0
573.26194,0.0,0.0,0.0
573.26195,0.0,0.0,1.0
573.26196,1.0,1.0,1.0
573.26197,0.0,0.0,0.0
573.26198,0.0,0.0,0.0
573.26199,0.0,0.0,0.0
573.26200,0.0,0.0,0.0
573.26201,1.0,1.0,0.0
573.26202,0.0,0.0,0.0
573.26203,0.0,0.0,0.0
573.26204,0.0,0.0,0.0
573.26205,0.0,0.0,0.0
573.26206,0.0,0.0,0.0
573.26207,0.0,0.0,0.0
573.26208,0.0,0.0,0.0
573.26209,0.0,0.0,0.0
573.26210,0.0,0.0,0.0
573.26211,0.0,0.0,0.0
573.26212,0.0,0.0,0.0
573.26213,0.0,0.0,0.0
573.26214,1.0,0.0,0.0
573.26215,0.0,0.0,0.0
573.26216,1.0,1.0,0.0
573.26217,0.0,0.0,0.0
573.26218,0.0,0.0,0.0
573.26219,0.0,0.0,0.0
573.26220,1.0,1.0,1.0
573.26221,0.0,0.0,0.0
573.26222,0.0,0.0,0.0
573.26223,0.0,0.0,0.0
573.26224,0.0,0.0,0.0
573.26225,0.0,0.0,0.0
573.26226,0.0,0.0,0.0
573.26227,0.0,0.0,0.0
573.26228,0.0,0.0,0.0
573.26229,1.0,1.0,1.0
573.26232,1.0,1.0,0.0
573.26233,0.0,0.0,0.0
573.26234,0.0,0.0,1.0
573.26235,1.0,0.0,1.0
573.26236,1.0,0.0,1.0
573.26237,0.0,1.0,0.0
573.26238,1.0,0.0,1.0
573.26239,1.0,1.0,1.0
573.26240,0.0,0.0,0.0
573.26241,0.0,0.0,0.0
573.26242,0.0,0.0,0.0
573.26243,0.0,0.0,0.0
573.26244,1.0,1.0,1.0
573.26245,0.0,0.0,0.0
573.26246,0.0,0.0,0.0
573.26247,0.0,0.0,0.0
573.26248,1.0,1.0,1.0
573.26249,0.0,0.0,0.0
573.26250,1.0,1.0,1.0
573.26251,0.0,0.0,0.0
573.26252,1.0,1.0,1.0
573.26253,1.0,0.0,1.0
573.26254,0.0,0.0,0.0
573.26255,0.0,0.0,0.0
573.26256,1.0,1.0,1.0
573.26257,1.0,0.0,1.0
573.26258,1.0,1.0,1.0
573.26259,0.0,0.0,0.0
573.26260,1.0,0.0,0.0
573.26261,0.0,0.0,0.0
573.26262,1.0,1.0,1.0
573.26263,0.0,0.0,0.0
573.26264,0.0,0.0,0.0
573.26265,0.0,0.0,0.0
573.26266,1.0,0.0,1.0
573.26267,0.0,0.0,0.0
573.26268,1.0,1.0,1.0
573.26269,0.0,0.0,0.0
573.26270,1.0,1.0,1.0
573.26271,0.0,1.0,0.0
573.26272,0.0,0.0,0.0
573.26273,1.0,1.0,1.0
573.26274,0.0,0.0,0.0
573.26275,1.0,1.0,0.0
573.26276,1.0,1.0,1.0
573.26277,0.0,0.0,0.0
573.26278,1.0,1.0,1.0
573.26279,1.0,1.0,1.0
573.26280,1.0,1.0,1.0
573.26281,1.0,1.0,1.0
573.26282,0.0,0.0,0.0
573.26283,0.0,0.0,0.0
573.26284,0.0,0.0,0.0
573.26285,0.0,0.0,0.0
573.26286,0.0,0.0,0.0
573.26287,0.0,0.0,0.0
573.26288,1.0,0.0,1.0
573.26289,0.0,0.0,0.0
573.26290,0.0,0.0,0.0
573.26291,0.0,0.0,0.0
573.26292,1.0,0.0,1.0
573.26293,1.0,1.0,0.0
573.26294,0.0,0.0,0.0
573.26295,1.0,1.0,1.0
573.26296,1.0,1.0,1.0
573.26297,1.0,0.0,1.0
573.26298,1.0,1.0,1.0
573.26299,1.0,0.0,0.0
573.26300,1.0,1.0,1.0
573.26301,0.0,0.0,0.0
573.26302,0.0,0.0,0.0
573.26303,1.0,1.0,1.0
573.26304,1.0,1.0,1.0
573.26305,1.0,0.0,1.0
573.26306,0.0,0.0,0.0
573.26307,1.0,1.0,1.0
573.26308,1.0,1.0,1.0
573.26309,0.0,0.0,0.0
573.26310,1.0,1.0,1.0
573.26311,1.0,1.0,0.0
573.26312,0.0,0.0,0.0
573.26313,0.0,0.0,0.0
573.26314,0.0,0.0,0.0
573.26315,1.0,1.0,1.0
573.26316,0.0,0.0,0.0
573.26317,1.0,1.0,
573.26318,0.0,0.0,0.0
573.26319,1.0,1.0,1.0
573.26320,0.0,0.0,0.0
573.26321,1.0,1.0,1.0
573.26322,0.0,0.0,0.0
573.26323,0.0,0.0,0.0
573.29861,,1.0,1.0
573.29862,,1.0,0.0
573.29863,,1.0,1.0
573.29864,,1.0,0.0
573.29865,,1.0,0.0
573.29866,,1.0,0.0
573.29867,,1.0,1.0
573.29868,,1.0,1.0
573.29869,,1.0,0.0
573.29870,,1.0,1.0
573.29871,,1.0,0.0
573.29872,,1.0,0.0
573.29873,,1.0,0.0
573.29874,,1.0,0.0
573.29875,,1.0,1.0
573.29876,,1.0,1.0
573.29877,,1.0,0.0
573.29878,,1.0,1.0
573.29879,,1.0,1.0
573.29880,,1.0,1.0
573.29881,,1.0,0.0
573.29882,,1.0,1.0
573.29883,,1.0,1.0
573.29884,,1.0,1.0
573.29885,,1.0,1.0
573.29886,,1.0,0.0
573.29887,,1.0,0.0
573.29888,,1.0,0.0
573.29889,,1.0,1.0
573.29890,,1.0,0.0
573.29891,,1.0,0.0
573.29892,,1.0,1.0
573.29893,,1.0,0.0
573.29894,,1.0,1.0
573.29895,,1.0,1.0
573.29896,,1.0,0.0
573.29897,,1.0,0.0
573.29898,,1.0,1.0
573.29899,,1.0,0.0
573.29900,,1.0,0.0
573.29901,,1.0,0.0
573.29902,,1.0,0.0
573.29903,,1.0,0.0
573.29904,,1.0,1.0
573.29905,,1.0,1.0
573.29906,,1.0,0.0
573.29907,,1.0,0.0
573.29908,,1.0,0.0
573.29909,,1.0,0.0
573.29910,,1.0,0.0
573.29911,,1.0,0.0
573.29912,,1.0,0.0
573.29913,,1.0,0.0
573.29914,,1.0,1.0
573.29915,,1.0,0.0
573.29916,,1.0,1.0
573.29917,,1.0,0.0
573.29918,,1.0,0.0
573.29919,,1.0,1.0
573.29920,,1.0,0.0
573.29921,,,0.0
573.29922,,1.0,0.0
573.29923,,1.0,1.0
573.29924,,1.0,0.0
573.29925,,1.0,0.0
573.29926,,1.0,0.0
573.29927,,0.0,0.0
573.29928,,1.0,0.0
573.29929,,1.0,0.0
573.29930,,1.0,0.0
573.29931,,1.0,0.0
573.29932,,1.0,1.0
573.29933,,1.0,0.0
573.29934,,1.0,0.0
573.29935,,1.0,0.0
573.29936,,1.0,1.0
573.29937,,1.0,1.0
573.29938,,1.0,1.0
573.29939,,0.0,0.0
573.29940,,1.0,0.0
573.29941,,1.0,1.0
573.29942,,1.0,0.0
573.29943,,1.0,1.0
573.29944,,1.0,0.0
573.29945,,1.0,1.0
573.29946,,1.0,0.0
573.29947,,1.0,1.0
573.29948,,1.0,0.0
573.29949,,1.0,0.0
573.29950,,1.0,1.0
573.29951,,1.0,0.0
573.29952,,1.0,0.0
573.29953,,1.0,1.0
573.29954,,1.0,1.0
573.29955,,1.0,1.0
573.29956,,1.0,0.0
573.29957,,1.0,1.0
573.29958,,1.0,0.0
573.29959,,1.0,0.0
573.29960,,1.0,0.0
573.29961,,1.0,1.0
573.29962,,1.0,1.0
573.29963,,1.0,0.0
573.29964,,1.0,0.0
573.29965,,1.0,0.0
573.29966,,1.0,0.0
573.29967,,1.0,0.0
573.29968,,1.0,0.0
573.29969,,1.0,1.0
573.29970,,1.0,1.0
573.29971,,1.0,1.0
573.29972,,1.0,0.0
573.29973,,1.0,1.0
573.29974,,1.0,0.0
573.29975,,1.0,0.0
573.29976,,1.0,0.0
573.29977,,1.0,0.0
573.29978,,1.0,0.0
573.29979,,1.0,0.0
573.29980,,1.0,0.0
573.29981,,1.0,0.0
573.29982,,1.0,1.0
573.29983,,1.0,0.0
573.29984,,1.0,0.0
573.29985,,1.0,1.0
573.29986,,1.0,1.0
573.29987,,1.0,0.0
573.29988,,1.0,0.0
573.29989,,1.0,1.0
573.29990,,1.0,0.0
573.29991,,1.0,1.0
573.29992,,1.0,1.0
573.29993,,1.0,0.0
573.29994,,1.0,1.0
573.29995,,0.0,0.0
573.29996,,1.0,1.0
573.29997,,1.0,0.0
573.29998,,1.0,0.0
573.29999,,1.0,0.0
573.30000,,1.0,1.0
573.30001,,1.0,1.0
573.30002,,1.0,1.0
573.30003,,1.0,0.0
573.30004,,1.0,1.0
573.30005,,1.0,0.0
573.30006,,1.0,0.0
573.30007,,1.0,1.0
573.30008,,1.0,1.0
573.30009,,1.0,1.0
573.30010,,1.0,1.0
573.30011,,1.0,0.0
573.30012,,1.0,1.0
573.30013,,1.0,1.0
573.30014,,1.0,0.0
573.30015,,1.0,0.0
573.30016,,1.0,0.0
573.30017,,1.0,1.0
573.31059,1.0,1.0,1.0
573.31060,1.0,1.0,1.0
573.31061,1.0,1.0,0.0
573.31062,1.0,1.0,0.0
573.31063,0.0,1.0,1.0
573.31064,1.0,1.0,1.0
573.31065,1.0,1.0,0.0
573.31066,1.0,,1.0
573.31067,1.0,1.0,1.0
573.31068,0.0,0.0,0.0
573.31069,0.0,0.0,0.0
573.31070,0.0,1.0,1.0
573.31071,0.0,0.0,0.0
573.31072,1.0,1.0,1.0
573.31073,0.0,0.0,0.0
573.31074,1.0,1.0,0.0
573.31075,0.0,0.0,0.0
573.31076,0.0,0.0,0.0
573.31077,1.0,,1.0
573.31078,0.0,0.0,0.0
573.31079,0.0,0.0,0.0
573.31080,1.0,1.0,0.0
573.31081,0.0,0.0,0.0
573.31082,0.0,0.0,0.0
573.31083,0.0,0.0,0.0
573.31084,0.0,0.0,0.0
573.31085,,0.0,1.0
573.31086,,1.0,1.0
573.31087,,1.0,1.0
573.31088,,0.0,0.0
573.31089,,0.0,1.0
573.31090,,0.0,1.0
573.31091,,0.0,0.0
573.31092,,0.0,0.0
573.31093,,0.0,0.0
573.31094,,0.0,1.0
573.31095,,1.0,1.0
573.31096,,0.0,1.0
573.31097,,1.0,1.0
573.31098,,0.0,1.0
573.31099,,0.0,0.0
573.31100,,1.0,1.0
573.31101,,0.0,1.0
573.31102,,1.0,1.0
573.31103,,0.0,1.0
573.31105,,0.0,1.0
573.31106,,0.0,1.0
573.31107,,0.0,1.0
573.31108,,0.0,1.0
573.31109,,0.0,0.0
573.31110,,0.0,0.0
573.31111,,0.0,1.0
573.31112,,0.0,1.0
573.31113,,,1.0
573.31114,,1.0,1.0
573.31115,,0.0,1.0
573.31116,,0.0,1.0
573.31117,,1.0,1.0
573.31118,,0.0,0.0
573.31119,,0.0,0.0
573.31120,,1.0,1.0
573.31121,,0.0,1.0
573.31122,,0.0,0.0
573.31123,,0.0,1.0
573.31124,,1.0,1.0
573.31126,,0.0,1.0
573.31127,,0.0,1.0
573.31128,,1.0,0.0
573.31129,,0.0,1.0
573.31130,,0.0,1.0
573.31131,,1.0,0.0
573.31132,,0.0,0.0
573.31133,,1.0,0.0
573.31134,,0.0,1.0
573.31135,,0.0,1.0
573.31136,,1.0,0.0
573.31137,,0.0,1.0
573.31138,,0.0,0.0
573.31139,,1.0,1.0
573.31140,,0.0,1.0
573.31141,,0.0,1.0
573.31142,,,0.0
573.31143,,0.0,1.0
573.31144,,0.0,0.0
573.31146,,0.0,1.0
573.31147,,1.0,0.0
573.33391,1.0,1.0,1.0
573.33392,1.0,1.0,1.0
573.33393,1.0,1.0,1.0
573.33394,1.0,1.0,0.0
573.33395,1.0,1.0,1.0
573.33396,1.0,1.0,1.0
573.33397,1.0,1.0,1.0
573.33398,1.0,1.0,1.0
573.33399,1.0,1.0,1.0
573.33400,1.0,1.0,1.0
573.33401,1.0,1.0,1.0
573.33402,1.0,1.0,1.0
573.33403,1.0,1.0,1.0
573.33404,1.0,1.0,1.0
573.33405,1.0,1.0,1.0
573.33406,1.0,1.0,1.0
573.33407,1.0,1.0,1.0
573.33408,1.0,1.0,1.0
573.33409,1.0,1.0,1.0
573.33410,1.0,1.0,1.0
573.33411,1.0,1.0,1.0
573.33412,1.0,1.0,1.0
573.33413,1.0,1.0,1.0
573.33414,1.0,1.0,1.0
573.33415,1.0,1.0,1.0
573.33416,1.0,1.0,1.0
573.33417,1.0,1.0,1.0
573.33418,1.0,1.0,1.0
573.33419,1.0,1.0,0.0
573.33420,1.0,1.0,0.0
573.33421,1.0,1.0,1.0
573.33422,1.0,1.0,1.0
573.34234,0.0,0.0,0.0
573.34237,0.0,0.0,0.0
573.34239,1.0,1.0,0.0
573.34246,1.0,0.0,0.0
573.34248,1.0,0.0,0.0
573.34250,1.0,0.0,0.0
573.34252,0.0,0.0,0.0
573.34254,1.0,0.0,0.0
573.34255,0.0,0.0,0.0
573.34261,1.0,0.0,0.0
573.34262,0.0,0.0,0.0
573.34278,1.0,1.0,1.0
573.34283,0.0,0.0,0.0
573.34284,1.0,0.0,0.0
573.34294,1.0,0.0,0.0
573.34297,0.0,0.0,0.0
573.34302,0.0,0.0,0.0
573.35513,0.0,0.0,0.0
573.46064,1.0,0.0,0.0
573.46065,1.0,0.0,0.0
573.46066,0.0,1.0,1.0
573.46067,1.0,0.0,0.0
573.46068,1.0,0.0,0.0
573.46069,1.0,1.0,0.0
573.46070,1.0,1.0,0.0
573.46071,1.0,1.0,0.0
573.46072,1.0,1.0,0.0
573.46073,1.0,1.0,0.0
573.46074,1.0,1.0,0.0
573.46075,1.0,1.0,0.0
573.46076,0.0,0.0,0.0
573.46077,0.0,0.0,0.0
573.46078,1.0,0.0,0.0
573.46079,1.0,0.0,0.0
573.46080,1.0,0.0,0.0
573.46081,0.0,0.0,0.0
573.46082,0.0,0.0,0.0
573.46083,0.0,0.0,0.0
573.46084,0.0,0.0,0.0
573.46085,0.0,0.0,0.0
573.46086,0.0,0.0,0.0
573.46087,0.0,0.0,0.0
573.46088,0.0,0.0,0.0
573.46089,0.0,0.0,0.0
573.46090,0.0,0.0,0.0
573.46091,0.0,0.0,0.0
573.46092,0.0,0.0,0.0
573.46093,0.0,0.0,0.0
573.46094,0.0,0.0,0.0
573.46095,0.0,0.0,0.0
573.46096,0.0,0.0,0.0
573.46097,0.0,0.0,0.0
573.46098,0.0,0.0,0.0
573.46099,0.0,0.0,0.0
573.46100,0.0,0.0,0.0
573.46101,0.0,0.0,0.0
573.46102,0.0,0.0,0.0
573.46103,0.0,0.0,0.0
573.46104,0.0,0.0,0.0
573.46105,0.0,0.0,0.0
573.46106,0.0,0.0,0.0
573.46107,0.0,0.0,0.0
573.46108,0.0,0.0,0.0
573.46109,0.0,0.0,0.0
573.46110,0.0,0.0,0.0
573.46111,0.0,0.0,0.0
573.46112,0.0,0.0,0.0
573.46113,0.0,0.0,0.0
573.46114,1.0,0.0,0.0
573.46115,0.0,0.0,0.0
573.46116,0.0,0.0,0.0
573.46117,1.0,0.0,0.0
573.46118,1.0,1.0,0.0
573.46119,1.0,1.0,0.0
573.46120,0.0,0.0,0.0
573.46829,1.0,1.0,1.0
573.46831,1.0,1.0,0.0
573.46832,1.0,1.0,1.0
573.46833,1.0,1.0,1.0
573.46834,1.0,1.0,0.0
573.46835,1.0,1.0,1.0
573.46836,1.0,1.0,1.0
573.46837,1.0,1.0,0.0
573.46838,1.0,1.0,1.0
573.46839,1.0,1.0,0.0
573.46840,1.0,1.0,1.0
573.46841,1.0,1.0,1.0
573.46842,1.0,1.0,1.0
573.46843,1.0,1.0,1.0
573.46844,1.0,1.0,1.0
573.46845,1.0,1.0,1.0
573.46846,1.0,1.0,1.0
573.46847,1.0,1.0,1.0
573.46848,1.0,1.0,1.0
573.46849,1.0,1.0,1.0
573.46850,1.0,1.0,1.0
573.46851,1.0,1.0,1.0
573.46852,1.0,1.0,1.0
573.46853,1.0,1.0,1.0
573.46854,1.0,1.0,1.0
573.46855,1.0,1.0,1.0
573.46856,1.0,1.0,1.0
573.46857,1.0,1.0,1.0
573.46858,1.0,1.0,1.0
573.46859,1.0,1.0,1.0
573.46860,1.0,1.0,1.0
573.46861,1.0,1.0,1.0
573.46862,1.0,1.0,1.0
573.46863,1.0,1.0,1.0
573.46864,1.0,1.0,1.0
573.46865,1.0,1.0,1.0
573.46866,1.0,1.0,1.0
573.46867,1.0,1.0,1.0
573.46868,1.0,1.0,1.0
573.46869,1.0,1.0,1.0
573.46870,1.0,1.0,1.0
573.46871,1.0,1.0,1.0
573.46872,1.0,1.0,1.0
573.46873,1.0,1.0,1.0
573.46874,1.0,1.0,1.0
573.46875,1.0,1.0,0.0
573.46876,1.0,1.0,1.0
573.46877,1.0,1.0,1.0
573.5623,,1.0,0.0
573.5624,,1.0,1.0
573.5636,,1.0,1.0
573.5638,,1.0,1.0
573.5644,,1.0,0.0
573.5645,,1.0,1.0
573.5646,,1.0,1.0
573.5647,,1.0,1.0
573.5649,1.0,1.0,
573.5658,,,1.0
573.5661,,1.0,1.0
573.5663,,1.0,1.0
573.5665,,,0.0
573.5672,,1.0,1.0
573.5673,,0.0,0.0
573.5676,,0.0,1.0
573.5677,,1.0,1.0
573.5678,,1.0,1.0
573.5679,,1.0,0.0
573.5681,,1.0,1.0
573.5682,,,0.0
573.5683,,,1.0
573.5684,,1.0,0.0
573.5687,,1.0,0.0
573.5690,,1.0,1.0
573.5691,,,0.0
573.5692,,1.0,0.0
573.5694,,0.0,1.0
573.5695,,0.0,1.0
573.5697,,,1.0
573.5698,,1.0,1.0
573.5700,,1.0,1.0
573.5701,,1.0,0.0
573.5702,,0.0,0.0
573.5705,,1.0,0.0
573.5706,,1.0,1.0
573.5707,,0.0,0.0
573.5709,,0.0,1.0
573.5710,,1.0,1.0
573.5711,,0.0,1.0
573.5712,,0.0,1.0
573.5716,,1.0,0.0
573.5717,,1.0,0.0
573.5719,,,1.0
573.5722,,1.0,0.0
573.5724,,0.0,1.0
573.5726,,,1.0
573.5763,,1.0,0.0
573.5764,,1.0,0.0
573.5765,,1.0,0.0
573.5766,,1.0,1.0
573.5767,,1.0,0.0
573.5768,,1.0,0.0
573.5769,,1.0,1.0
573.5770,,1.0,1.0
573.5777,,1.0,0.0
573.5778,,1.0,0.0
573.5779,,1.0,0.0
573.5780,,1.0,0.0
573.5781,,1.0,0.0
573.5793,,0.0,1.0
573.5794,,1.0,0.0
573.5795,,0.0,1.0
573.5796,,1.0,0.0
573.5797,,0.0,0.0
573.5798,,1.0,0.0
573.5799,,1.0,0.0
573.5800,,1.0,0.0
573.5801,,,0.0
573.5802,,,0.0
573.5803,,1.0,1.0
573.5804,,0.0,1.0
573.5805,,,1.0
573.5806,,1.0,1.0
573.5807,,1.0,0.0
573.5808,,1.0,1.0
573.5809,,0.0,0.0
573.5810,,,1.0
573.5811,,1.0,1.0
573.5812,,,1.0
573.5813,,,1.0
573.5814,,0.0,1.0
573.5815,,,1.0
573.5816,,,1.0
573.5817,,1.0,0.0
573.5818,,1.0,1.0
573.5819,,,1.0
573.5820,,,1.0
573.5821,,1.0,0.0
573.5822,,1.0,0.0
573.5823,,1.0,0.0
573.5824,,1.0,1.0
573.5825,,1.0,0.0
573.5826,,1.0,0.0
573.5827,,0.0,1.0
573.5828,,0.0,0.0
573.62688,,1.0,
573.62689,,1.0,
573.62690,,1.0,
573.62691,,1.0,
573.62692,,1.0,
573.62693,,1.0,
573.62694,,1.0,
573.62696,,1.0,
573.62697,,1.0,
573.62698,,1.0,
573.62699,,1.0,
573.62700,,1.0,
573.62701,,1.0,
573.62702,,1.0,
573.62703,,1.0,
573.62706,,1.0,
573.62707,,1.0,
573.62709,,1.0,
573.62710,,1.0,
573.62711,,1.0,
573.62712,,1.0,
573.62713,,1.0,
573.62715,,1.0,
573.62716,,1.0,
573.62717,,0.0,
573.62718,,0.0,
573.62719,,1.0,
573.62720,,1.0,
573.62721,,1.0,
573.62722,,1.0,
573.62723,,1.0,
573.62724,,1.0,
573.62725,,1.0,
573.62726,,0.0,
573.62727,,1.0,
573.62728,,1.0,
573.62729,,1.0,
573.62730,,1.0,
573.62731,,1.0,
573.62732,,1.0,
573.62733,,1.0,
573.62734,,1.0,
573.62736,,1.0,
573.65893,1.0,1.0,0.0
573.65896,0.0,0.0,0.0
573.66101,,,0.0
573.66102,,,0.0
573.66103,,,1.0
573.66104,,,0.0
573.66105,,,0.0
573.66106,,,0.0
573.66107,,,0.0
573.66108,,,1.0
573.66109,,,1.0
573.66110,,,0.0
573.66111,,,0.0
573.66112,,,0.0
573.66113,,,0.0
573.66114,,,1.0
573.66115,,,0.0
573.66116,,,0.0
573.66117,,,0.0
573.66119,,,1.0
573.66120,,,1.0
573.66121,,,1.0
573.66122,,,0.0
573.66123,,,0.0
573.66124,,,0.0
573.66125,,,0.0
573.66126,,,0.0
573.66127,,,0.0
573.66128,,,0.0
573.66129,,,0.0
573.66130,,,1.0
573.66131,,,0.0
573.66132,,,0.0
573.66133,,,0.0
573.66134,,,0.0
573.66135,,,0.0
573.66136,,,0.0
573.66137,,,0.0
573.66138,,,0.0
573.66139,,,0.0
573.66140,,,0.0
573.66141,,,0.0
573.66142,,,0.0
573.66143,,,1.0
573.66144,,,1.0
573.66145,,,0.0
573.66146,,,0.0
573.66147,,,0.0
573.66148,,,0.0
573.66149,,,0.0
573.66150,,,0.0
573.66151,,,1.0
573.66152,,,0.0
573.66153,,,0.0
573.66154,,,1.0
573.66155,,,0.0
573.66156,,,1.0
573.66157,,,0.0
573.66158,,,0.0
573.66159,,,1.0
573.66160,,,0.0
573.66161,,,0.0
573.66162,,,0.0
573.66163,,,0.0
573.66164,,,1.0
573.66165,,,1.0
573.66166,,,0.0
573.66167,,,1.0
573.66168,,,0.0
573.66169,,,0.0
573.66170,,,0.0
573.66171,,,0.0
573.66186,,,0.0
573.66212,,,0.0
573.66213,,,0.0
573.66214,,,1.0
573.66215,,,1.0
573.66216,,,0.0
573.66217,,,0.0
573.66218,,,0.0
573.66219,,,0.0
573.66220,,,0.0
573.66221,,,0.0
573.66222,,,0.0
573.66223,,,1.0
573.66224,,,0.0
573.66225,,,0.0
573.66226,,,1.0
573.66227,,,1.0
573.66229,,,0.0
573.66230,,,1.0
573.66231,,,1.0
573.66232,,,1.0
573.66233,,,1.0
573.66234,,,1.0
573.66235,,,1.0
573.66236,,,0.0
573.66237,,,0.0
573.66238,,,1.0
573.66239,,,1.0
573.66240,,,1.0
573.66241,,,0.0
573.66242,,,0.0
573.66243,,,1.0
573.66244,,,0.0
573.66245,,,0.0
573.66246,,,1.0
573.66247,,,1.0
573.66248,,,0.0
573.66249,,,0.0
573.66250,,,1.0
573.66251,,,0.0
573.66252,,,1.0
573.66253,,,0.0
573.66254,,,0.0
573.66255,,,0.0
573.66256,,,0.0
573.66257,,,1.0
573.66258,,,1.0
573.66259,,,1.0
573.66260,,,1.0
573.66261,,,1.0
573.66262,,,1.0
573.66263,,,0.0
573.66264,,,1.0
573.66265,,,0.0
573.66266,,,0.0
573.66267,,,0.0
573.66268,,,0.0
573.66269,,,0.0
573.66270,,,0.0
573.66271,,,1.0
573.66272,,,1.0
573.66273,,,0.0
573.66274,,,0.0
573.66275,,,0.0
573.66276,,,1.0
573.66277,,,0.0
573.66278,,,1.0
573.66279,,,0.0
573.66280,,,0.0
573.66281,,,0.0
573.66282,,,1.0
573.66283,,,0.0
573.66284,,,1.0
573.66285,,,1.0
573.66286,,,1.0
573.66287,,,1.0
573.66288,,,1.0
573.66289,,,1.0
573.66290,,,1.0
573.66291,,,1.0
573.66292,,,1.0
573.66293,,,1.0
573.66294,,,1.0
573.66295,,,1.0
573.66296,,,0.0
573.66297,,,0.0
573.66298,,,1.0
573.66299,,,0.0
573.66300,,,0.0
573.66301,,,0.0
573.66302,,,0.0
573.66303,,,0.0
573.66304,,,0.0
573.66305,,,0.0
573.66306,,,0.0
573.66307,,,1.0
573.66308,,,1.0
573.66309,,,0.0
573.66310,,,0.0
573.66312,,,0.0
573.66314,,,1.0
573.66315,,,0.0
573.66316,,,0.0
573.66317,,,1.0
573.66318,,,1.0
573.66319,,,0.0
573.66320,,,0.0
573.66321,,,0.0
573.66322,,,0.0
573.66323,,,0.0
573.66324,,,0.0
573.66325,,,1.0
573.66326,,,0.0
573.66327,,,0.0
573.66328,,,1.0
573.66329,,,1.0
573.66330,,,0.0
573.66331,,,1.0
573.66332,,,1.0
573.66333,,,1.0
573.66334,,,1.0
573.66335,,,1.0
573.66336,,,0.0
573.66337,,,0.0
573.66338,,,0.0
573.66339,,,1.0
573.66340,,,0.0
573.66341,,,1.0
573.66342,,,0.0
573.66343,,,0.0
573.66344,,,0.0
573.66345,,,1.0
573.66346,,,1.0
573.66347,,,1.0
573.66348,,,0.0
573.66350,,,1.0
573.66351,,,0.0
573.66352,,,0.0
573.66355,,,1.0
573.66356,,,1.0
573.66357,,,1.0
573.66358,,,1.0
573.66359,,,1.0
573.66360,,,0.0
573.66361,,,1.0
573.66362,,,0.0
573.66363,,,1.0
573.66364,,,1.0
573.66365,,,1.0
573.66366,,,0.0
573.66367,,,1.0
573.66368,,,0.0
573.66369,,,0.0
573.66370,,,0.0
573.66371,,,0.0
573.66372,,,0.0
573.66373,,,1.0
573.66374,,,0.0
573.66375,,,0.0
573.66376,,,0.0
573.66377,,,1.0
573.66378,,,0.0
573.66379,,,1.0
573.66380,,,1.0
573.66381,,,0.0
573.66382,,,0.0
573.66383,,,0.0
573.66384,,,0.0
573.66385,,,0.0
573.66386,,,0.0
573.66387,,,0.0
573.66388,,,0.0
573.66389,,,0.0
573.66390,,,1.0
573.66391,,,0.0
573.66392,,,1.0
573.66393,,,0.0
573.66394,,,1.0
573.66395,,,0.0
573.66396,,,1.0
573.66397,,,1.0
573.66398,,,0.0
573.66399,,,1.0
573.66400,,,1.0
573.66401,,,1.0
573.66402,,,0.0
573.66403,,,0.0
573.66404,,,0.0
573.66405,,,0.0
573.66406,,,1.0
573.66407,,,0.0
573.66408,,,0.0
573.66409,,,1.0
573.66410,,,0.0
573.66411,,,1.0
573.66412,,,0.0
573.66413,,,1.0
573.66414,,,0.0
573.66415,,,0.0
573.66416,,,1.0
573.66417,,,0.0
573.66418,,,0.0
573.66419,,,0.0
573.66420,,,1.0
573.66421,,,0.0
573.66422,,,0.0
573.66423,,,0.0
573.66424,,,0.0
573.66425,,,0.0
573.66426,,,0.0
573.66427,,,0.0
573.66428,,,0.0
573.66429,,,0.0
573.66430,,,1.0
573.66431,,,0.0
573.66432,,,1.0
573.66433,,,1.0
573.66434,,,1.0
573.66435,,,1.0
573.66436,,,1.0
573.66437,,,0.0
573.66438,,,0.0
573.66439,,,0.0
573.66440,,,1.0
573.66441,,,0.0
573.66442,,,1.0
573.66443,,,1.0
573.66444,,,0.0
573.66445,,,0.0
573.66446,,,1.0
573.66447,,,1.0
573.66448,,,0.0
573.66449,,,1.0
573.66450,,,0.0
573.66451,,,1.0
573.66452,,,1.0
573.66453,,,0.0
573.66454,,,0.0
573.66455,,,0.0
573.66456,,,0.0
573.66457,,,1.0
573.66458,,,0.0
573.66459,,,0.0
573.66460,,,0.0
573.66461,,,1.0
573.66462,,,0.0
573.66463,,,1.0
573.66464,,,1.0
573.66465,,,1.0
573.66466,,,1.0
573.66467,,,1.0
573.66468,,,1.0
573.66469,,,1.0
573.66470,,,1.0
573.66471,,,0.0
573.66472,,,1.0
573.66473,,,1.0
573.66474,,,1.0
573.66475,,,1.0
573.66476,,,1.0
573.66477,,,1.0
573.66478,,,0.0
573.66479,,,0.0
573.66480,,,1.0
573.66481,,,1.0
573.66482,,,0.0
573.66483,,,0.0
573.66484,,,0.0
573.66485,,,1.0
573.66486,,,1.0
573.66487,,,0.0
573.66488,,,1.0
573.66489,,,1.0
573.66490,,,0.0
573.66491,,,0.0
573.66492,,,0.0
573.66493,,,0.0
573.66494,,,0.0
573.66495,,,0.0
573.66496,,,0.0
573.66497,,,1.0
573.66498,,,1.0
573.66499,,,1.0
573.66500,,,1.0
573.66501,,,1.0
573.66502,,,1.0
573.66503,,,1.0
573.66504,,,0.0
573.66505,,,1.0
573.66506,,,0.0
573.66507,,,1.0
573.66508,,,1.0
573.66509,,,0.0
573.66510,,,1.0
573.66511,,,0.0
573.66512,,,0.0
573.66513,,,0.0
573.66514,,,1.0
573.66515,,,1.0
573.66516,,,1.0
573.66517,,,1.0
573.66518,,,1.0
573.66519,,,1.0
573.66520,,,1.0
573.66521,,,1.0
573.66522,,,1.0
573.66523,,,1.0
573.66524,,,0.0
573.66525,,,1.0
573.66526,,,0.0
573.66527,,,1.0
573.66528,,,0.0
573.66529,,,0.0
573.66530,,,1.0
573.66531,,,1.0
573.66532,,,1.0
573.66533,,,0.0
573.66534,,,1.0
573.66535,,,0.0
573.66536,,,1.0
573.66537,,,1.0
573.66538,,,0.0
573.66539,,,1.0
573.66540,,,1.0
573.66541,,,1.0
573.66542,,,1.0
573.66543,,,1.0
573.66544,,,1.0
573.66545,,,1.0
573.66546,,,1.0
573.66547,,,0.0
573.66548,,,0.0
573.66549,,,0.0
573.66550,,,1.0
573.66551,,,1.0
573.66552,,,0.0
573.66553,,,1.0
573.66554,,,0.0
573.66555,,,0.0
573.66556,,,0.0
573.66557,,,1.0
573.66558,,,1.0
573.66559,,,0.0
573.66560,,,1.0
573.66561,,,1.0
573.66562,,,1.0
573.66563,,,0.0
573.66564,,,0.0
573.66565,,,1.0
573.66571,,,1.0
573.66584,,,1.0
573.67178,,,0.0
573.67181,,,0.0
573.67182,,,1.0
573.67183,,,1.0
573.67184,,,0.0
573.67185,,,0.0
573.67186,,,1.0
573.67187,,,1.0
573.67188,,,0.0
573.67189,,,0.0
573.67190,,,1.0
573.67191,,,1.0
573.67192,,,0.0
573.67193,,,1.0
573.67194,,,1.0
573.67195,,,1.0
573.67196,,,1.0
573.67197,,,1.0
573.67198,,,0.0
573.67199,,,0.0
573.67200,,,0.0
573.67201,,,0.0
573.67202,,,0.0
573.67204,,,0.0
573.67205,,,0.0
573.67206,,,0.0
573.67207,,,0.0
573.67208,,,0.0
573.67210,,,0.0
573.67211,,,0.0
573.67213,,,1.0
573.67214,,,1.0
573.67215,,,0.0
573.67216,,,0.0
573.67217,,,0.0
573.67218,,,1.0
573.67219,,,0.0
573.67220,,,1.0
573.67221,,,0.0
573.67222,,,0.0
573.67223,,,1.0
573.67224,,,0.0
573.67225,,,0.0
573.67226,,,1.0
573.67227,,,1.0
573.67228,,,1.0
573.67229,,,0.0
573.67230,,,0.0
573.67231,,,1.0
573.67232,,,0.0
573.67233,,,0.0
573.67234,,,1.0
573.67235,,,1.0
573.67236,,,1.0
573.67237,,,0.0
573.67238,,,0.0
573.67239,,,1.0
573.67240,,,1.0
573.67242,,,0.0
573.67243,,,0.0
573.67244,,,0.0
573.67245,,,0.0
573.67246,,,0.0
573.67247,,,1.0
573.67249,,,1.0
573.67250,,,0.0
573.67251,,,1.0
573.67252,,,1.0
573.67253,,,1.0
573.67254,,,0.0
573.67255,,,0.0
573.67256,,,1.0
573.67257,,,1.0
573.67258,,,0.0
573.67259,,,0.0
573.67260,,,0.0
573.67261,,,1.0
573.67262,,,0.0
573.67263,,,0.0
573.67264,,,0.0
573.67265,,,0.0
573.67266,,,1.0
573.67267,,,0.0
573.67268,,,0.0
573.67269,,,1.0
573.67270,,,1.0
573.67271,,,1.0
573.67272,,,0.0
573.67273,,,0.0
573.67274,,,0.0
573.67275,,,1.0
573.67276,,,1.0
573.67277,,,1.0
573.67278,,,0.0
573.67279,,,0.0
573.67280,,,0.0
573.67281,,,1.0
573.67282,,,0.0
573.67283,,,0.0
573.67284,,,0.0
573.67285,,,1.0
573.67286,,,0.0
573.67287,,,1.0
573.67289,,,0.0
573.67290,,,0.0
573.67291,,,0.0
573.67292,,,0.0
573.67293,,,0.0
573.67294,,,0.0
573.67295,,,0.0
573.67296,,,0.0
573.67297,,,0.0
573.67298,,,0.0
573.67299,,,0.0
573.67300,,,0.0
573.67303,,,1.0
573.67304,,,1.0
573.67305,,,0.0
573.67306,,,0.0
573.67307,,,1.0
573.67308,,,1.0
573.67309,,,1.0
573.67310,,,0.0
573.67311,,,1.0
573.67312,,,0.0
573.67313,,,0.0
573.67314,,,1.0
573.67315,,,0.0
573.67316,,,0.0
573.67317,,,0.0
573.67318,,,1.0
573.67319,,,1.0
573.67320,,,0.0
573.67321,,,0.0
573.67322,,,1.0
573.67323,,,0.0
573.67325,,,1.0
573.67326,,,0.0
573.67327,,,1.0
573.67328,,,1.0
573.67329,,,0.0
573.67330,,,0.0
573.67331,,,1.0
573.67333,,,0.0
573.67334,,,1.0
573.67335,,,0.0
573.67336,,,1.0
573.67337,,,1.0
573.67339,,,0.0
573.67340,,,0.0
573.67341,,,0.0
573.67373,,1.0,
573.67374,,1.0,
573.67375,,1.0,
573.67376,,1.0,
573.67377,,1.0,
573.67378,,1.0,
573.67379,,1.0,
573.67380,,1.0,
573.67381,,1.0,
573.67382,,1.0,
573.67384,,1.0,
573.67385,,1.0,
573.67386,,1.0,
573.67387,,1.0,
573.67388,,1.0,
573.67389,,1.0,
573.67391,,1.0,
573.67392,,1.0,
573.67393,,1.0,
573.67395,,1.0,
573.67397,,1.0,
573.67398,,1.0,
573.67399,,1.0,
573.67400,,1.0,
573.67401,,1.0,
573.67402,,1.0,
573.67403,,0.0,
573.67404,,1.0,
573.67405,,1.0,
573.67406,,1.0,
573.67407,,1.0,
573.67408,,0.0,
573.67409,,1.0,
573.67410,,1.0,
573.67411,,0.0,
573.67412,,1.0,
573.67413,,1.0,
573.67414,,1.0,
573.67415,,1.0,
573.67416,,1.0,
573.67417,,1.0,
573.67418,,1.0,
573.67419,,1.0,
573.67420,,1.0,
573.67421,,1.0,
573.67673,,,1.0
573.67674,,,0.0
573.67678,,,0.0
573.7022,1.0,1.0,1.0
573.7023,1.0,1.0,0.0
573.7024,1.0,1.0,1.0
573.7025,1.0,0.0,0.0
573.7026,1.0,1.0,
573.7027,1.0,1.0,0.0
573.7028,1.0,1.0,0.0
573.7029,1.0,1.0,0.0
573.7030,1.0,0.0,1.0
573.7031,1.0,1.0,1.0
573.7032,1.0,1.0,1.0
573.7033,1.0,1.0,1.0
573.7096,,,1.0
573.7362,1.0,1.0,1.0
573.9721,1.0,1.0,
573.9722,1.0,1.0,1.0
573.9723,1.0,1.0,
573.9724,1.0,1.0,1.0
574.20,1.0,1.0,0.0
574.26,1.0,1.0,1.0
574.27,1.0,1.0,1.0
72407.477,,1.0,1.0
72407.478,,1.0,1.0
72407.479,,,0.0
72407.480,,1.0,1.0
72407.481,,1.0,
72407.482,,1.0,1.0
72407.483,,1.0,0.0
72407.484,,1.0,1.0
72407.485,,1.0,1.0
72407.486,,1.0,1.0
72407.487,,1.0,
72407.488,,0.0,1.0
72407.489,,1.0,0.0
72407.490,,1.0,1.0
72407.491,,1.0,1.0
72407.492,,1.0,1.0
72407.493,,1.0,1.0
72407.494,,1.0,1.0
72407.495,,1.0,1.0
72407.496,,,0.0
72407.497,,1.0,
72407.498,,,1.0
72407.499,,1.0,0.0
72407.500,,1.0,1.0
72407.501,,0.0,1.0
72407.502,,1.0,1.0
72407.503,,1.0,1.0
72407.504,,1.0,1.0
72407.505,,0.0,1.0
72407.506,,1.0,
72407.507,,1.0,1.0
72407.508,,1.0,1.0
72407.509,,1.0,1.0
72407.511,,1.0,1.0
72407.512,,1.0,1.0
72407.513,,,0.0
72407.514,,1.0,1.0
72407.515,,1.0,1.0
72407.516,,,1.0
72407.517,,,0.0
72407.518,,,1.0
72407.519,,1.0,1.0
72407.520,,1.0,1.0
72407.521,,1.0,1.0
72407.522,,0.0,0.0
72407.523,,0.0,0.0
72407.524,,1.0,1.0
72407.525,,,1.0
72407.526,,,1.0
72407.527,,1.0,1.0
72407.528,,,1.0
72407.529,,0.0,0.0
72407.530,,1.0,1.0
72407.531,,1.0,1.0
72407.532,,1.0,1.0
72407.533,,1.0,1.0
72407.534,,1.0,1.0
72407.535,,,0.0
72407.536,,1.0,1.0
72407.537,,1.0,1.0
72407.538,,1.0,1.0
72407.539,,1.0,1.0
72407.540,,1.0,1.0
72407.541,,1.0,1.0
72407.542,,0.0,0.0
72407.543,,1.0,1.0
72407.544,,1.0,1.0
72407.545,,1.0,1.0
72407.546,,0.0,0.0
72407.547,,0.0,0.0
72407.548,,1.0,1.0
72407.549,,1.0,1.0
72407.550,,1.0,1.0
72407.551,,1.0,1.0
72407.552,,0.0,0.0
72407.553,,1.0,1.0
72407.554,,1.0,0.0
72407.555,,0.0,1.0
72407.556,,1.0,1.0
72407.557,,0.0,1.0
72407.558,,1.0,1.0
72407.559,,0.0,1.0
72407.560,,1.0,1.0
72407.561,,1.0,1.0
72407.562,,0.0,0.0
72407.563,,,0.0
72407.564,,0.0,0.0
72407.565,,1.0,1.0
72407.566,,1.0,1.0
72407.567,,0.0,0.0
72407.568,,1.0,1.0
72407.569,,1.0,1.0
72407.570,,0.0,1.0
72407.571,,1.0,
72407.572,,1.0,1.0
72407.573,,1.0,1.0
72407.574,,1.0,1.0
72407.575,,1.0,1.0
72407.576,,1.0,1.0
72407.577,,,1.0
72407.578,,0.0,0.0
72407.579,,1.0,1.0
72407.580,,1.0,1.0
72407.581,,1.0,1.0
72407.582,,1.0,1.0
72407.583,,1.0,1.0
72407.584,,0.0,0.0
72407.585,,1.0,0.0
72407.586,,1.0,1.0
72407.587,,1.0,1.0
72407.588,,1.0,0.0
72407.589,,0.0,1.0
72407.590,,0.0,1.0
72407.591,,1.0,1.0
72407.592,,1.0,1.0
72407.593,,1.0,0.0
72407.594,,0.0,0.0
72407.595,,,0.0
72407.596,,0.0,1.0
72407.597,,1.0,1.0
72407.670,1.0,,
72407.671,1.0,,
72407.672,1.0,,
72407.673,1.0,,
72407.677,1.0,,
72407.678,1.0,,
72407.679,1.0,,
72407.680,1.0,,
72407.681,1.0,,
72407.682,1.0,,
72407.683,1.0,,
72407.685,1.0,,
72407.686,1.0,,
72407.687,1.0,,
72407.689,1.0,,
72407.690,1.0,,
72407.691,1.0,,
72407.692,1.0,,
72407.693,1.0,1.0,1.0
72407.697,1.0,,
72407.698,,0.0,1.0
