drug,model,roc_auc,bal_acc,avg_prec,f1,roc_auc_sd,bal_acc_sd,avg_prec_sd,f1_sd
ceftriaxone,Baseline (majority class),0.5,0.5,0.83,0.907,,,,
ciprofloxacin,Baseline (majority class),0.5,0.5,0.764,0.866,,,,
gentamicin,Baseline (majority class),0.5,0.5,0.416,0.0,,,,
ceftriaxone,Logistic regression,0.9906506827443586,0.9732818715406605,0.9979129621101871,0.981762394395331,0.00621220032065093,0.006233774116600177,0.0015195203515902874,0.0010203836342087954
ceftriaxone,Random forest,0.9895301380694604,0.96611349674594,0.9964948745324549,0.9854319398249537,0.006880681017041612,0.0016342139055811867,0.002918175454477244,0.0023868133311613954
ceftriaxone,Gradient boosting,0.9883675795267928,0.9675830089410621,0.9960352634300097,0.9859407854013108,0.009436047336325247,0.01109477671090405,0.003764680712532803,0.0031320601425550835
ciprofloxacin,Logistic regression,0.9890373421993182,0.9575574175364178,0.9959109491314339,0.971010723425759,0.002972209579986175,0.006997482369751713,0.0018453459802531896,0.004587872939659781
ciprofloxacin,Random forest,0.9868759418429424,0.9563002703825665,0.9937834781113459,0.9742073400148146,0.005939177945426609,0.008674183866873303,0.0036377923124793466,0.006048639415227016
ciprofloxacin,Gradient boosting,0.9910476148764158,0.9589534768345395,0.9969934547185556,0.9775981315529114,0.0036860768230569316,0.010317272733952132,0.0014292625682829213,0.004671455625735202
gentamicin,Logistic regression,0.9767367740937422,0.953252011503021,0.9704861725412515,0.9469378720240123,0.0028194879623499687,0.00463050754623817,0.00886947716602072,0.005309923627538552
gentamicin,Random forest,0.979199467410179,0.9435182718195199,0.9712186290359233,0.934129686818,0.0019326725157521357,0.003235249699056755,0.0016723809147524593,0.003523772134396618
gentamicin,Gradient boosting,0.9783227614294697,0.9539652257377458,0.9703925169284581,0.94721980742802,0.0017197261968390394,0.0026890521702490795,0.006113349918509561,0.003326396030717464
